{"type":"FeatureCollection","crs":{"type":"name","properties":{"name":"urn:ogc:def:crs:OGC:1.3:CRS84"}},"features":[{"type":"Feature","properties":{"id":"TN13A","del_fr":"Mohamedia","del_ar":"\u0627\u0644\u0645\u062d\u0645\u062f\u064a\u0629","gouv_id":"TN13","gouv_fr":"Ben Arous","gouv_ar":"\u0628\u0646 \u0639\u0631\u0648\u0633"},"geometry":{"type":"MultiPolygon","coordinates":[[[[10.095,36.688],[10.089,36.695],[10.155,36.701],[10.195,36.659],[10.152,36.644],[10.151,36.602],[10.106,36.583],[10.037,36.619],[10.038,36.624],[10.038,36.624],[10.095,36.688]]]]}},{"type":"Feature","properties":{"id":"TN11H","del_fr":"Sidi El Bechir","del_ar":"\u0633\u064a\u062f\u064a \u0627\u0644\u0628\u0634\u064a\u0631","gouv_id":"TN11","gouv_fr":"Tunis","gouv_ar":"\u062a\u0648\u0646\u0633"},"geometry":{"type":"MultiPolygon","coordinates":[[[[10.178,36.794],[10.193,36.785],[10.193,36.785],[10.181,36.783],[10.183,36.776],[10.175,36.773],[10.169,36.783],[10.168,36.792],[10.178,36.794]]]]}},{"type":"Feature","properties":{"id":"TN137","del_fr":"Ezzahra","del_ar":"\u0627\u0644\u0632\u0647\u0631\u0627\u0621","gouv_id":"TN13","gouv_fr":"Ben Arous","gouv_ar":"\u0628\u0646 \u0639\u0631\u0648\u0633"},"geometry":{"type":"MultiPolygon","coordinates":[[[[10.301,36.765],[10.329,36.748],[10.317,36.736],[10.28,36.745],[10.301,36.765]]]]}},{"type":"Feature","properties":{"id":"TN314","del_fr":"Sousse Sidi Abedelhamid","del_ar":"\u0633\u0648\u0633\u0629 \u0633\u064a\u062f\u064a \u0639\u0628\u062f \u0627\u0644\u062d\u0645\u064a\u062f","gouv_id":"TN31","gouv_fr":"Sousse","gouv_ar":"\u0633\u0648\u0633\u0629"},"geometry":{"type":"MultiPolygon","coordinates":[[[[10.617,35.808],[10.636,35.826],[10.641,35.813],[10.663,35.812],[10.672,35.799],[10.69,35.795],[10.679,35.78],[10.673,35.783],[10.66,35.775],[10.65,35.795],[10.624,35.804],[10.617,35.808]]]]}},{"type":"Feature","properties":{"id":"TN136","del_fr":"Bou Mhel El Bassatine","del_ar":"\u0628\u0648\u0645\u0647\u0644 \u0627\u0644\u0628\u0633\u0627\u062a\u064a\u0646","gouv_id":"TN13","gouv_fr":"Ben Arous","gouv_ar":"\u0628\u0646 \u0639\u0631\u0648\u0633"},"geometry":{"type":"MultiPolygon","coordinates":[[[[10.298,36.693],[10.256,36.723],[10.28,36.745],[10.317,36.736],[10.317,36.736],[10.319,36.699],[10.298,36.693]]]]}},{"type":"Feature","properties":{"id":"TN142","del_fr":"Douar Hicher","del_ar":"\u062f\u0648\u0627\u0631 \u0647\u064a\u0634\u0631","gouv_id":"TN14","gouv_fr":"Mannouba","gouv_ar":"\u0645\u0646\u0648\u0628\u0629"},"geometry":{"type":"MultiPolygon","coordinates":[[[[10.08,36.854],[10.098,36.84],[10.105,36.826],[10.101,36.815],[10.071,36.825],[10.07,36.824],[10.063,36.83],[10.08,36.854]]]]}},{"type":"Feature","properties":{"id":"TN173","del_fr":"Bizerte Sud","del_ar":"\u0628\u0646\u0632\u0631\u062a \u0627\u0644\u062c\u0646\u0648\u0628\u064a\u0629","gouv_id":"TN17","gouv_fr":"Bizerte","gouv_ar":"\u0628\u0646\u0632\u0631\u062a"},"geometry":{"type":"MultiPolygon","coordinates":[[[[9.802,37.2],[9.793,37.183],[9.76,37.176],[9.616,37.143],[9.606,37.165],[9.597,37.183],[9.541,37.2],[9.498,37.193],[9.498,37.193],[9.477,37.267],[9.482,37.266],[9.554,37.302],[9.595,37.305],[9.68,37.333],[9.756,37.347],[9.762,37.344],[9.756,37.328],[9.763,37.31],[9.831,37.283],[9.874,37.261],[9.872,37.26],[9.868,37.258],[9.821,37.235],[9.813,37.22],[9.802,37.2]]]]}},{"type":"Feature","properties":{"id":"TN172","del_fr":"Zarzouna","del_ar":"\u062c\u0631\u0632\u0648\u0646\u0629","gouv_id":"TN17","gouv_fr":"Bizerte","gouv_ar":"\u0628\u0646\u0632\u0631\u062a"},"geometry":{"type":"MultiPolygon","coordinates":[[[[9.896,37.271],[9.916,37.267],[9.931,37.266],[9.921,37.25],[9.889,37.243],[9.868,37.258],[9.868,37.258],[9.872,37.26],[9.896,37.271]]]]}},{"type":"Feature","properties":{"id":"TN11D","del_fr":"Elhrairia","del_ar":"\u0627\u0644\u062d\u0631\u0627\u064a\u0631\u064a\u0629","gouv_id":"TN11","gouv_fr":"Tunis","gouv_ar":"\u062a\u0648\u0646\u0633"},"geometry":{"type":"MultiPolygon","coordinates":[[[[10.07,36.799],[10.082,36.798],[10.1,36.802],[10.122,36.799],[10.125,36.792],[10.126,36.788],[10.126,36.788],[10.126,36.787],[10.126,36.787],[10.078,36.774],[10.026,36.76],[10.003,36.786],[10.026,36.797],[10.053,36.789],[10.071,36.798],[10.07,36.799]]]]}},{"type":"Feature","properties":{"id":"TN147","del_fr":"Tebourba","del_ar":"\u0637\u0628\u0631\u0628\u0629","gouv_id":"TN14","gouv_fr":"Mannouba","gouv_ar":"\u0645\u0646\u0648\u0628\u0629"},"geometry":{"type":"MultiPolygon","coordinates":[[[[9.557,36.833],[9.599,36.863],[9.726,36.905],[9.77,36.892],[9.821,36.973],[9.821,36.973],[9.847,36.963],[9.847,36.963],[9.858,36.934],[9.875,36.925],[9.884,36.915],[9.862,36.869],[9.896,36.837],[9.895,36.829],[9.87,36.807],[9.867,36.813],[9.819,36.822],[9.792,36.814],[9.72,36.807],[9.689,36.784],[9.643,36.802],[9.618,36.769],[9.613,36.77],[9.557,36.833],[9.557,36.833]]]]}},{"type":"Feature","properties":{"id":"TN177","del_fr":"Ghezella","del_ar":"\u063a\u0632\u0627\u0644\u0629","gouv_id":"TN17","gouv_fr":"Bizerte","gouv_ar":"\u0628\u0646\u0632\u0631\u062a"},"geometry":{"type":"MultiPolygon","coordinates":[[[[9.353,37.034],[9.363,37.036],[9.386,37.134],[9.498,37.193],[9.498,37.193],[9.541,37.2],[9.597,37.183],[9.63,37.115],[9.63,37.115],[9.618,37.067],[9.517,37.017],[9.519,36.953],[9.524,36.931],[9.524,36.931],[9.448,36.96],[9.45,37.0],[9.432,37.01],[9.381,36.987],[9.359,37.009],[9.353,37.034],[9.353,37.034]]]]}},{"type":"Feature","properties":{"id":"TN176","del_fr":"Mateur","del_ar":"\u0645\u0627\u0637\u0631","gouv_id":"TN17","gouv_fr":"Bizerte","gouv_ar":"\u0628\u0646\u0632\u0631\u062a"},"geometry":{"type":"MultiPolygon","coordinates":[[[[9.519,36.953],[9.517,37.017],[9.618,37.067],[9.63,37.115],[9.686,37.112],[9.714,37.106],[9.724,37.076],[9.789,37.077],[9.79,37.062],[9.838,37.038],[9.831,36.989],[9.821,36.973],[9.77,36.892],[9.726,36.905],[9.608,36.866],[9.528,36.915],[9.524,36.931],[9.519,36.953]]]]}},{"type":"Feature","properties":{"id":"TN175","del_fr":"Djoumine","del_ar":"\u062c\u0648\u0645\u064a\u0646","gouv_id":"TN17","gouv_fr":"Bizerte","gouv_ar":"\u0628\u0646\u0632\u0631\u062a"},"geometry":{"type":"MultiPolygon","coordinates":[[[[9.524,36.931],[9.528,36.915],[9.608,36.866],[9.599,36.863],[9.557,36.833],[9.54,36.82],[9.473,36.767],[9.43,36.738],[9.406,36.722],[9.376,36.748],[9.349,36.771],[9.389,36.846],[9.347,36.875],[9.325,36.868],[9.245,36.904],[9.256,36.939],[9.216,36.963],[9.221,36.998],[9.217,37.004],[9.279,37.02],[9.353,37.034],[9.353,37.034],[9.359,37.009],[9.381,36.987],[9.432,37.01],[9.45,37.0],[9.448,36.96],[9.524,36.931],[9.524,36.931]]]]}},{"type":"Feature","properties":{"id":"TN433","del_fr":"Jilma","del_ar":"\u062c\u0644\u0645\u0629","gouv_id":"TN43","gouv_fr":"Sidi Bouzid","gouv_ar":"\u0633\u064a\u062f\u064a \u0628\u0648\u0632\u064a\u062f"},"geometry":{"type":"MultiPolygon","coordinates":[[[[9.194,35.37],[9.192,35.372],[9.343,35.487],[9.343,35.487],[9.385,35.487],[9.466,35.485],[9.494,35.44],[9.503,35.399],[9.465,35.369],[9.474,35.355],[9.533,35.333],[9.575,35.265],[9.525,35.244],[9.485,35.19],[9.459,35.176],[9.416,35.177],[9.374,35.178],[9.374,35.178],[9.38,35.215],[9.333,35.251],[9.263,35.323],[9.198,35.367],[9.194,35.37]]]]}},{"type":"Feature","properties":{"id":"TN151","del_fr":"Nabeul","del_ar":"\u0646\u0627\u0628\u0644","gouv_id":"TN15","gouv_fr":"Nabeul","gouv_ar":"\u0646\u0627\u0628\u0644"},"geometry":{"type":"MultiPolygon","coordinates":[[[[10.735,36.443],[10.708,36.436],[10.693,36.427],[10.669,36.456],[10.623,36.462],[10.62,36.462],[10.658,36.522],[10.654,36.524],[10.689,36.534],[10.701,36.496],[10.735,36.443]]]]}},{"type":"Feature","properties":{"id":"TN179","del_fr":"Tinja","del_ar":"\u062a\u064a\u0646\u062c\u0629","gouv_id":"TN17","gouv_fr":"Bizerte","gouv_ar":"\u0628\u0646\u0632\u0631\u062a"},"geometry":{"type":"MultiPolygon","coordinates":[[[[9.63,37.115],[9.623,37.129],[9.616,37.143],[9.76,37.176],[9.793,37.183],[9.787,37.17],[9.789,37.077],[9.724,37.076],[9.714,37.106],[9.686,37.112],[9.63,37.115],[9.63,37.115]]]]}},{"type":"Feature","properties":{"id":"TN178","del_fr":"Menzel Bourguiba","del_ar":"\u0645\u0646\u0632\u0644 \u0628\u0648\u0631\u0642\u064a\u0628\u0629","gouv_id":"TN17","gouv_fr":"Bizerte","gouv_ar":"\u0628\u0646\u0632\u0631\u062a"},"geometry":{"type":"MultiPolygon","coordinates":[[[[9.941,37.103],[9.882,37.074],[9.839,37.042],[9.838,37.038],[9.79,37.062],[9.789,37.077],[9.787,37.17],[9.802,37.2],[9.813,37.22],[9.813,37.22],[9.891,37.194],[9.931,37.148],[9.929,37.146],[9.915,37.117],[9.941,37.103]]]]}},{"type":"Feature","properties":{"id":"TN429","del_fr":"Thalla","del_ar":"\u062a\u0627\u0644\u0629","gouv_id":"TN42","gouv_fr":"Kasserine","gouv_ar":"\u0627\u0644\u0642\u0635\u0631\u064a\u0646"},"geometry":{"type":"MultiPolygon","coordinates":[[[[8.767,35.567],[8.798,35.499],[8.807,35.416],[8.828,35.358],[8.827,35.357],[8.737,35.388],[8.706,35.413],[8.641,35.433],[8.631,35.48],[8.579,35.498],[8.561,35.595],[8.591,35.602],[8.596,35.648],[8.617,35.702],[8.652,35.756],[8.683,35.777],[8.692,35.784],[8.692,35.784],[8.718,35.774],[8.784,35.771],[8.813,35.761],[8.819,35.71],[8.793,35.667],[8.78,35.617],[8.767,35.567]]]]}},{"type":"Feature","properties":{"id":"TN346","del_fr":"Tina","del_ar":"\u0637\u064a\u0646\u0629","gouv_id":"TN34","gouv_fr":"Sfax","gouv_ar":"\u0635\u0641\u0627\u0642\u0633"},"geometry":{"type":"MultiPolygon","coordinates":[[[[10.648,34.732],[10.648,34.733],[10.69,34.745],[10.69,34.745],[10.757,34.681],[10.731,34.643],[10.658,34.628],[10.642,34.643],[10.604,34.69],[10.648,34.732]]]]}},{"type":"Feature","properties":{"id":"TN17C","del_fr":"Menzel Djmil","del_ar":"\u0645\u0646\u0632\u0644 \u062c\u0645\u064a\u0644","gouv_id":"TN17","gouv_fr":"Bizerte","gouv_ar":"\u0628\u0646\u0632\u0631\u062a"},"geometry":{"type":"MultiPolygon","coordinates":[[[[9.813,37.22],[9.821,37.235],[9.868,37.258],[9.868,37.258],[9.889,37.243],[9.921,37.25],[9.931,37.266],[10.0,37.26],[10.013,37.211],[10.039,37.211],[10.039,37.211],[10.02,37.183],[9.994,37.199],[9.966,37.181],[9.931,37.148],[9.891,37.194],[9.813,37.22],[9.813,37.22]]]]}},{"type":"Feature","properties":{"id":"TN238","del_fr":"Djerissa","del_ar":"\u0627\u0644\u062c\u0631\u064a\u0635\u0629","gouv_id":"TN23","gouv_fr":"Le kef","gouv_ar":"\u0627\u0644\u0643\u0627\u0641"},"geometry":{"type":"MultiPolygon","coordinates":[[[[8.714,35.886],[8.713,35.885],[8.74,35.817],[8.692,35.784],[8.683,35.777],[8.652,35.756],[8.631,35.723],[8.586,35.788],[8.55,35.807],[8.542,35.849],[8.603,35.849],[8.621,35.888],[8.714,35.886]]]]}},{"type":"Feature","properties":{"id":"TN17A","del_fr":"Utique","del_ar":"\u0627\u0648\u062a\u064a\u0643","gouv_id":"TN17","gouv_fr":"Bizerte","gouv_ar":"\u0628\u0646\u0632\u0631\u062a"},"geometry":{"type":"MultiPolygon","coordinates":[[[[9.821,36.973],[9.831,36.989],[9.839,37.042],[9.882,37.074],[9.947,37.106],[9.988,37.108],[9.988,37.108],[10.002,37.077],[10.045,37.116],[10.135,37.14],[10.218,37.109],[10.213,37.102],[10.128,37.104],[10.094,37.072],[10.046,36.99],[10.04,36.978],[10.018,36.933],[10.013,36.912],[9.997,36.923],[9.947,36.915],[9.93,36.951],[9.863,36.957],[9.847,36.963],[9.821,36.973],[9.821,36.973]]]]}},{"type":"Feature","properties":{"id":"TN17E","del_fr":"Ras Djbel","del_ar":"\u0631\u0627\u0633 \u0627\u0644\u062c\u0628\u0644","gouv_id":"TN17","gouv_fr":"Bizerte","gouv_ar":"\u0628\u0646\u0632\u0631\u062a"},"geometry":{"type":"MultiPolygon","coordinates":[[[[10.013,37.211],[10.0,37.26],[10.015,37.259],[10.082,37.259],[10.1,37.241],[10.167,37.229],[10.211,37.197],[10.282,37.185],[10.262,37.168],[10.122,37.195],[10.082,37.212],[10.074,37.198],[10.06,37.212],[10.039,37.211],[10.013,37.211]]]]}},{"type":"Feature","properties":{"id":"TN17D","del_fr":"El Alia","del_ar":"\u0627\u0644\u0639\u0627\u0644\u064a\u0629","gouv_id":"TN17","gouv_fr":"Bizerte","gouv_ar":"\u0628\u0646\u0632\u0631\u062a"},"geometry":{"type":"MultiPolygon","coordinates":[[[[9.947,37.106],[9.941,37.103],[9.915,37.117],[9.929,37.146],[9.966,37.181],[9.994,37.199],[10.02,37.183],[10.039,37.211],[10.039,37.211],[10.06,37.212],[10.074,37.198],[10.039,37.139],[9.996,37.109],[9.988,37.108],[9.947,37.106]]]]}},{"type":"Feature","properties":{"id":"TN122","del_fr":"Soukra","del_ar":"\u0633\u0643\u0631\u0629","gouv_id":"TN12","gouv_fr":"Ariana","gouv_ar":"\u0623\u0631\u064a\u0627\u0646\u0629"},"geometry":{"type":"MultiPolygon","coordinates":[[[[10.246,36.858],[10.236,36.856],[10.239,36.87],[10.22,36.861],[10.215,36.85],[10.206,36.85],[10.205,36.862],[10.182,36.879],[10.212,36.891],[10.189,36.905],[10.192,36.913],[10.262,36.886],[10.28,36.889],[10.276,36.877],[10.289,36.864],[10.273,36.863],[10.266,36.862],[10.246,36.858]]]]}},{"type":"Feature","properties":{"id":"TN631","del_fr":"Kebeli Sud","del_ar":"\u0642\u0628\u0644\u064a \u0627\u0644\u062c\u0646\u0648\u0628\u064a\u0629","gouv_id":"TN63","gouv_fr":"Kebili","gouv_ar":"\u0642\u0628\u0644\u064a"},"geometry":{"type":"MultiPolygon","coordinates":[[[[9.539,33.635],[9.497,33.57],[9.399,33.584],[9.305,33.527],[9.215,33.524],[8.923,33.531],[8.92,33.531],[8.847,33.52],[8.788,33.535],[8.583,33.744],[8.843,33.671],[8.843,33.671],[8.81,33.621],[8.808,33.566],[8.842,33.571],[8.939,33.628],[8.982,33.714],[9.105,33.736],[9.287,33.657],[9.419,33.656],[9.419,33.709],[9.416,33.711],[9.453,33.704],[9.473,33.654],[9.539,33.635]]]]}},{"type":"Feature","properties":{"id":"TN144","del_fr":"Mornaguia","del_ar":"\u0627\u0644\u0645\u0631\u0646\u0627\u0642\u064a\u0629","gouv_id":"TN14","gouv_fr":"Mannouba","gouv_ar":"\u0645\u0646\u0648\u0628\u0629"},"geometry":{"type":"MultiPolygon","coordinates":[[[[10.069,36.724],[10.095,36.688],[10.038,36.624],[10.038,36.624],[10.019,36.663],[9.985,36.631],[9.905,36.598],[9.897,36.614],[9.897,36.614],[9.912,36.625],[9.917,36.666],[9.904,36.688],[9.911,36.73],[9.889,36.763],[9.917,36.76],[9.919,36.792],[9.975,36.797],[9.993,36.78],[10.002,36.787],[10.002,36.787],[10.031,36.754],[10.069,36.724]]]]}},{"type":"Feature","properties":{"id":"TN123","del_fr":"Raoued","del_ar":"\u0631\u0648\u0627\u062f","gouv_id":"TN12","gouv_fr":"Ariana","gouv_ar":"\u0623\u0631\u064a\u0627\u0646\u0629"},"geometry":{"type":"MultiPolygon","coordinates":[[[[10.212,36.983],[10.216,36.975],[10.246,36.958],[10.256,36.952],[10.25,36.938],[10.285,36.9],[10.28,36.889],[10.262,36.886],[10.192,36.913],[10.189,36.905],[10.212,36.891],[10.182,36.879],[10.17,36.887],[10.152,36.893],[10.152,36.893],[10.116,36.921],[10.134,36.943],[10.155,36.947],[10.148,36.965],[10.175,36.971],[10.18,36.955],[10.212,36.983]]]]}},{"type":"Feature","properties":{"id":"TN632","del_fr":"Kebeli Nord","del_ar":"\u0642\u0628\u0644\u064a \u0627\u0644\u0634\u0645\u0627\u0644\u064a\u0629","gouv_id":"TN63","gouv_fr":"Kebili","gouv_ar":"\u0642\u0628\u0644\u064a"},"geometry":{"type":"MultiPolygon","coordinates":[[[[9.345,33.75],[9.419,33.709],[9.419,33.656],[9.287,33.657],[9.105,33.736],[8.982,33.714],[8.939,33.628],[8.842,33.571],[8.808,33.566],[8.81,33.621],[8.843,33.671],[8.843,33.671],[8.868,33.664],[8.905,33.753],[9.016,33.784],[9.18,34.092],[9.171,34.193],[9.178,34.197],[9.249,34.208],[9.277,34.161],[9.341,34.136],[9.352,34.13],[9.352,34.13],[9.257,34.077],[9.282,33.869],[9.345,33.75]]],[[[9.249,34.208],[9.268,34.211],[9.249,34.208],[9.249,34.208]]]]}},{"type":"Feature","properties":{"id":"TN244","del_fr":"Ga\u00e2four","del_ar":"\u0642\u0639\u0641\u0648\u0631","gouv_id":"TN24","gouv_fr":"Siliana","gouv_ar":"\u0633\u0644\u064a\u0627\u0646\u0629"},"geometry":{"type":"MultiPolygon","coordinates":[[[[9.423,36.142],[9.39,36.155],[9.313,36.15],[9.276,36.135],[9.251,36.133],[9.229,36.166],[9.241,36.202],[9.192,36.248],[9.217,36.273],[9.27,36.327],[9.266,36.341],[9.327,36.373],[9.325,36.368],[9.373,36.333],[9.483,36.252],[9.517,36.17],[9.483,36.167],[9.498,36.138],[9.494,36.138],[9.423,36.142]]]]}},{"type":"Feature","properties":{"id":"TN222","del_fr":"Jendouba Nord","del_ar":"\u062c\u0646\u062f\u0648\u0628\u0629 \u0627\u0644\u0634\u0645\u0627\u0644\u064a\u0629","gouv_id":"TN22","gouv_fr":"Jandouba","gouv_ar":"\u062c\u0646\u062f\u0648\u0628\u0629"},"geometry":{"type":"MultiPolygon","coordinates":[[[[8.673,36.459],[8.657,36.513],[8.628,36.52],[8.581,36.489],[8.543,36.562],[8.513,36.569],[8.513,36.569],[8.518,36.58],[8.518,36.585],[8.556,36.607],[8.627,36.6],[8.638,36.581],[8.727,36.595],[8.741,36.563],[8.785,36.577],[8.825,36.617],[8.842,36.624],[8.842,36.624],[8.851,36.595],[8.884,36.582],[8.884,36.582],[8.836,36.535],[8.798,36.527],[8.73,36.466],[8.673,36.459]]]]}},{"type":"Feature","properties":{"id":"TN124","del_fr":"kala\u00e2t El Andalous","del_ar":"\u0642\u0644\u0639\u0629 \u0627\u0644\u0627\u0646\u062f\u0644\u0633","gouv_id":"TN12","gouv_fr":"Ariana","gouv_ar":"\u0623\u0631\u064a\u0627\u0646\u0629"},"geometry":{"type":"MultiPolygon","coordinates":[[[[10.04,36.978],[10.046,36.99],[10.094,37.072],[10.128,37.104],[10.213,37.102],[10.177,37.054],[10.212,36.983],[10.18,36.955],[10.175,36.971],[10.148,36.965],[10.155,36.947],[10.134,36.943],[10.116,36.921],[10.152,36.893],[10.152,36.893],[10.146,36.879],[10.134,36.885],[10.118,36.889],[10.115,36.888],[10.087,36.95],[10.068,36.979],[10.054,36.967],[10.04,36.978],[10.04,36.978]]]]}},{"type":"Feature","properties":{"id":"TN428","del_fr":"El Ayoun","del_ar":"\u0627\u0644\u0639\u064a\u0648\u0646","gouv_id":"TN42","gouv_fr":"Kasserine","gouv_ar":"\u0627\u0644\u0642\u0635\u0631\u064a\u0646"},"geometry":{"type":"MultiPolygon","coordinates":[[[[9.021,35.555],[8.973,35.542],[9.028,35.459],[9.01,35.459],[8.883,35.413],[8.828,35.358],[8.807,35.416],[8.798,35.499],[8.767,35.567],[8.78,35.617],[8.78,35.617],[8.81,35.61],[8.863,35.606],[8.885,35.585],[8.903,35.585],[8.902,35.62],[9.008,35.588],[9.021,35.555]]]]}},{"type":"Feature","properties":{"id":"TN633","del_fr":"Souk El Ahed","del_ar":"\u0633\u0648\u0642 \u0627\u0644\u0623\u062d\u062f","gouv_id":"TN63","gouv_fr":"Kebili","gouv_ar":"\u0642\u0628\u0644\u064a"},"geometry":{"type":"MultiPolygon","coordinates":[[[[8.583,33.744],[8.576,33.752],[8.386,33.809],[8.386,33.809],[8.482,33.87],[8.64,34.01],[8.661,34.072],[8.67,34.096],[8.863,34.115],[8.893,34.14],[8.896,34.14],[9.048,34.136],[9.167,34.192],[9.171,34.193],[9.18,34.092],[9.016,33.784],[8.905,33.753],[8.868,33.664],[8.843,33.671],[8.583,33.744]]]]}},{"type":"Feature","properties":{"id":"TN113","del_fr":"Bab Bhar","del_ar":"\u0628\u0627\u0628 \u0628\u062d\u0631","gouv_id":"TN11","gouv_fr":"Tunis","gouv_ar":"\u062a\u0648\u0646\u0633"},"geometry":{"type":"MultiPolygon","coordinates":[[[[10.174,36.796],[10.177,36.818],[10.178,36.82],[10.183,36.818],[10.21,36.806],[10.22,36.806],[10.234,36.806],[10.234,36.806],[10.22,36.787],[10.209,36.775],[10.203,36.778],[10.203,36.779],[10.199,36.781],[10.193,36.785],[10.178,36.794],[10.174,36.796]]]]}},{"type":"Feature","properties":{"id":"TN125","del_fr":"Sidi Thabet","del_ar":"\u0633\u064a\u062f\u064a \u062b\u0627\u0628\u062a","gouv_id":"TN12","gouv_fr":"Ariana","gouv_ar":"\u0623\u0631\u064a\u0627\u0646\u0629"},"geometry":{"type":"MultiPolygon","coordinates":[[[[10.006,36.887],[10.018,36.933],[10.04,36.978],[10.04,36.978],[10.054,36.967],[10.068,36.979],[10.087,36.95],[10.115,36.888],[10.108,36.886],[10.076,36.876],[10.063,36.871],[10.027,36.849],[9.992,36.851],[9.982,36.837],[9.968,36.836],[9.966,36.839],[10.006,36.887]]]]}},{"type":"Feature","properties":{"id":"TN131","del_fr":"Ben Arous","del_ar":"\u0628\u0646 \u0639\u0631\u0648\u0633","gouv_id":"TN13","gouv_fr":"Ben Arous","gouv_ar":"\u0628\u0646 \u0639\u0631\u0648\u0633"},"geometry":{"type":"MultiPolygon","coordinates":[[[[10.24,36.757],[10.228,36.749],[10.226,36.735],[10.208,36.746],[10.217,36.76],[10.223,36.767],[10.223,36.767],[10.24,36.757]]]]}},{"type":"Feature","properties":{"id":"TN112","del_fr":"La  Medina","del_ar":"\u0627\u0644\u0645\u062f\u064a\u0646\u0629","gouv_id":"TN11","gouv_fr":"Tunis","gouv_ar":"\u062a\u0648\u0646\u0633"},"geometry":{"type":"MultiPolygon","coordinates":[[[[10.175,36.803],[10.174,36.796],[10.178,36.794],[10.168,36.792],[10.166,36.792],[10.162,36.801],[10.17,36.805],[10.175,36.803]]]]}},{"type":"Feature","properties":{"id":"TN126","del_fr":"Cit\u00e9 Ettathamen","del_ar":"\u062d\u064a \u0627\u0644\u062a\u0636\u0627\u0645\u0646","gouv_id":"TN12","gouv_fr":"Ariana","gouv_ar":"\u0623\u0631\u064a\u0627\u0646\u0629"},"geometry":{"type":"MultiPolygon","coordinates":[[[[10.104,36.827],[10.105,36.826],[10.098,36.84],[10.098,36.841],[10.114,36.842],[10.118,36.831],[10.118,36.829],[10.104,36.827]]]]}},{"type":"Feature","properties":{"id":"TN159","del_fr":"El Houaria","del_ar":"\u0627\u0644\u0647\u0648\u0627\u0631\u064a\u0629","gouv_id":"TN15","gouv_fr":"Nabeul","gouv_ar":"\u0646\u0627\u0628\u0644"},"geometry":{"type":"MultiPolygon","coordinates":[[[[10.834,36.843],[10.786,36.844],[10.783,36.858],[10.808,36.885],[10.772,36.914],[10.777,36.918],[10.904,37.016],[10.9,37.044],[10.972,37.058],[11.048,37.085],[11.079,37.045],[11.06,37.027],[11.064,36.988],[11.066,36.986],[11.024,36.958],[11.024,36.958],[10.986,36.98],[10.945,36.949],[10.96,36.931],[10.93,36.897],[10.901,36.865],[10.876,36.841],[10.842,36.823],[10.834,36.843]]]]}},{"type":"Feature","properties":{"id":"TN127","del_fr":"EL Mnihla","del_ar":"\u0627\u0644\u0645\u0646\u064a\u0647\u0644\u0629","gouv_id":"TN12","gouv_fr":"Ariana","gouv_ar":"\u0623\u0631\u064a\u0627\u0646\u0629"},"geometry":{"type":"MultiPolygon","coordinates":[[[[10.146,36.879],[10.144,36.874],[10.143,36.855],[10.143,36.854],[10.131,36.85],[10.12,36.847],[10.115,36.842],[10.114,36.842],[10.098,36.841],[10.098,36.84],[10.08,36.854],[10.081,36.855],[10.076,36.876],[10.076,36.876],[10.108,36.886],[10.118,36.889],[10.134,36.885],[10.146,36.879]]]]}},{"type":"Feature","properties":{"id":"TN114","del_fr":"Bab Souika","del_ar":"\u0628\u0627\u0628 \u0633\u0648\u064a\u0642\u0629","gouv_id":"TN11","gouv_fr":"Tunis","gouv_ar":"\u062a\u0648\u0646\u0633"},"geometry":{"type":"MultiPolygon","coordinates":[[[[10.177,36.812],[10.175,36.803],[10.17,36.805],[10.162,36.801],[10.154,36.798],[10.155,36.799],[10.15,36.803],[10.153,36.812],[10.159,36.808],[10.177,36.812]]]]}},{"type":"Feature","properties":{"id":"TN11A","del_fr":"Le Bardo","del_ar":"\u0628\u0627\u0631\u062f\u0648","gouv_id":"TN11","gouv_fr":"Tunis","gouv_ar":"\u062a\u0648\u0646\u0633"},"geometry":{"type":"MultiPolygon","coordinates":[[[[10.121,36.801],[10.118,36.827],[10.127,36.817],[10.138,36.822],[10.141,36.819],[10.153,36.812],[10.15,36.803],[10.15,36.803],[10.148,36.802],[10.123,36.796],[10.122,36.799],[10.121,36.801]]]]}},{"type":"Feature","properties":{"id":"TN231","del_fr":"Kef Ouest","del_ar":"\u0627\u0644\u0643\u0627\u0641 \u0627\u0644\u063a\u0631\u0628\u064a\u0629","gouv_id":"TN23","gouv_fr":"Le kef","gouv_ar":"\u0627\u0644\u0643\u0627\u0641"},"geometry":{"type":"MultiPolygon","coordinates":[[[[8.739,36.084],[8.708,36.071],[8.673,36.092],[8.602,36.106],[8.567,36.096],[8.507,36.107],[8.507,36.107],[8.579,36.203],[8.637,36.239],[8.726,36.21],[8.726,36.21],[8.716,36.189],[8.708,36.164],[8.703,36.139],[8.739,36.084]]]]}},{"type":"Feature","properties":{"id":"TN164","del_fr":"Elfahs","del_ar":"\u0627\u0644\u0641\u062d\u0635","gouv_id":"TN16","gouv_fr":"Zaghouan","gouv_ar":"\u0632\u063a\u0648\u0627\u0646"},"geometry":{"type":"MultiPolygon","coordinates":[[[[9.998,36.402],[10.011,36.374],[9.999,36.331],[10.067,36.284],[10.089,36.254],[10.053,36.246],[10.049,36.215],[10.0,36.226],[9.918,36.2],[9.885,36.166],[9.845,36.131],[9.861,36.075],[9.851,36.075],[9.839,36.063],[9.82,36.106],[9.745,36.104],[9.745,36.104],[9.759,36.137],[9.735,36.198],[9.685,36.229],[9.664,36.218],[9.616,36.247],[9.594,36.258],[9.709,36.311],[9.749,36.345],[9.763,36.393],[9.759,36.434],[9.755,36.442],[9.817,36.477],[9.901,36.432],[9.923,36.473],[9.969,36.433],[9.943,36.417],[9.94,36.392],[9.998,36.402]]]]}},{"type":"Feature","properties":{"id":"TN165","del_fr":"En Nadhour","del_ar":"\u0627\u0644\u0646\u0627\u0638\u0648\u0631","gouv_id":"TN16","gouv_fr":"Zaghouan","gouv_ar":"\u0632\u063a\u0648\u0627\u0646"},"geometry":{"type":"MultiPolygon","coordinates":[[[[10.049,36.215],[10.046,36.192],[10.006,36.162],[10.09,36.152],[10.139,36.134],[10.139,36.134],[10.124,36.111],[10.137,36.095],[10.091,36.073],[10.067,36.102],[10.056,36.101],[10.071,36.038],[10.03,36.001],[9.987,36.042],[9.916,36.041],[9.893,36.073],[9.861,36.075],[9.845,36.131],[9.885,36.166],[9.918,36.2],[10.0,36.226],[10.049,36.215]]]]}},{"type":"Feature","properties":{"id":"TN166","del_fr":"Saouef","del_ar":"\u0635\u0648\u0627\u0641","gouv_id":"TN16","gouv_fr":"Zaghouan","gouv_ar":"\u0632\u063a\u0648\u0627\u0646"},"geometry":{"type":"MultiPolygon","coordinates":[[[[10.046,36.192],[10.053,36.246],[10.104,36.258],[10.116,36.29],[10.175,36.277],[10.191,36.287],[10.246,36.251],[10.27,36.23],[10.269,36.174],[10.185,36.148],[10.192,36.131],[10.192,36.131],[10.149,36.13],[10.139,36.134],[10.09,36.152],[10.006,36.162],[10.046,36.192]]]]}},{"type":"Feature","properties":{"id":"TN161","del_fr":"Zaghouan","del_ar":"\u0632\u063a\u0648\u0627\u0646","gouv_id":"TN16","gouv_fr":"Zaghouan","gouv_ar":"\u0632\u063a\u0648\u0627\u0646"},"geometry":{"type":"MultiPolygon","coordinates":[[[[10.391,36.353],[10.386,36.326],[10.379,36.292],[10.331,36.363],[10.292,36.367],[10.252,36.398],[10.234,36.397],[10.19,36.365],[10.177,36.39],[10.152,36.385],[10.045,36.299],[9.999,36.331],[10.011,36.374],[9.999,36.4],[10.016,36.411],[10.051,36.405],[10.074,36.488],[10.158,36.49],[10.181,36.515],[10.219,36.52],[10.269,36.503],[10.244,36.454],[10.271,36.446],[10.311,36.465],[10.349,36.48],[10.369,36.379],[10.391,36.353]]]]}},{"type":"Feature","properties":{"id":"TN162","del_fr":"Ez Zeriba","del_ar":"\u0627\u0644\u0632\u0631\u064a\u0628\u0629","gouv_id":"TN16","gouv_fr":"Zaghouan","gouv_ar":"\u0632\u063a\u0648\u0627\u0646"},"geometry":{"type":"MultiPolygon","coordinates":[[[[10.089,36.254],[10.067,36.284],[10.045,36.299],[10.152,36.385],[10.177,36.39],[10.19,36.365],[10.234,36.397],[10.252,36.398],[10.292,36.367],[10.331,36.363],[10.379,36.292],[10.377,36.283],[10.372,36.251],[10.32,36.236],[10.318,36.236],[10.27,36.238],[10.27,36.23],[10.246,36.251],[10.191,36.287],[10.175,36.277],[10.116,36.29],[10.104,36.258],[10.089,36.254]]]]}},{"type":"Feature","properties":{"id":"TN163","del_fr":"Bir Mchergua","del_ar":"\u0628\u0626\u0631 \u0645\u0634\u0627\u0631\u0642\u0629","gouv_id":"TN16","gouv_fr":"Zaghouan","gouv_ar":"\u0632\u063a\u0648\u0627\u0646"},"geometry":{"type":"MultiPolygon","coordinates":[[[[10.151,36.602],[10.151,36.569],[10.182,36.515],[10.181,36.515],[10.158,36.49],[10.074,36.488],[10.051,36.405],[10.016,36.411],[9.999,36.4],[9.998,36.402],[9.94,36.392],[9.943,36.417],[9.969,36.433],[9.923,36.473],[9.901,36.432],[9.817,36.477],[9.755,36.442],[9.745,36.464],[9.745,36.464],[9.759,36.474],[9.84,36.561],[9.878,36.6],[9.897,36.614],[9.897,36.614],[9.905,36.598],[9.985,36.631],[10.019,36.663],[10.038,36.624],[10.037,36.619],[10.106,36.583],[10.151,36.602]]]]}},{"type":"Feature","properties":{"id":"TN616","del_fr":"Redeyef","del_ar":"\u0627\u0644\u0631\u062f\u064a\u0641","gouv_id":"TN61","gouv_fr":"Gafsa","gouv_ar":"\u0642\u0641\u0635\u0629"},"geometry":{"type":"MultiPolygon","coordinates":[[[[8.061,34.329],[8.09,34.398],[8.09,34.433],[8.116,34.48],[8.116,34.48],[8.18,34.476],[8.202,34.451],[8.253,34.469],[8.358,34.391],[8.349,34.352],[8.224,34.362],[8.216,34.322],[8.255,34.308],[8.238,34.269],[8.165,34.261],[8.161,34.233],[8.112,34.28],[8.087,34.304],[8.061,34.329]]]]}},{"type":"Feature","properties":{"id":"TN617","del_fr":"Metlaoui","del_ar":"\u0627\u0644\u0645\u062a\u0644\u0648\u064a","gouv_id":"TN61","gouv_fr":"Gafsa","gouv_ar":"\u0642\u0641\u0635\u0629"},"geometry":{"type":"MultiPolygon","coordinates":[[[[8.492,34.249],[8.518,34.249],[8.531,34.217],[8.613,34.224],[8.596,34.152],[8.619,34.078],[8.356,34.07],[8.339,34.091],[8.338,34.167],[8.213,34.184],[8.161,34.233],[8.165,34.261],[8.238,34.269],[8.255,34.308],[8.216,34.322],[8.224,34.362],[8.349,34.352],[8.358,34.391],[8.345,34.401],[8.47,34.424],[8.515,34.394],[8.518,34.381],[8.496,34.342],[8.492,34.249]]]]}},{"type":"Feature","properties":{"id":"TN614","del_fr":"Gafsa Sud","del_ar":"\u0642\u0641\u0635\u0629 \u0627\u0644\u062c\u0646\u0648\u0628\u064a\u0629","gouv_id":"TN61","gouv_fr":"Gafsa","gouv_ar":"\u0642\u0641\u0635\u0629"},"geometry":{"type":"MultiPolygon","coordinates":[[[[8.842,34.441],[8.755,34.378],[8.734,34.33],[8.639,34.332],[8.553,34.278],[8.514,34.249],[8.492,34.249],[8.496,34.342],[8.518,34.381],[8.515,34.394],[8.513,34.403],[8.595,34.467],[8.655,34.482],[8.642,34.507],[8.538,34.532],[8.512,34.592],[8.502,34.641],[8.502,34.641],[8.581,34.614],[8.631,34.654],[8.631,34.654],[8.759,34.539],[8.842,34.441]]]]}},{"type":"Feature","properties":{"id":"TN615","del_fr":"Om EL Araies","del_ar":"\u0623\u0645 \u0627\u0644\u0639\u0631\u0627\u064a\u0633","gouv_id":"TN61","gouv_fr":"Gafsa","gouv_ar":"\u0642\u0641\u0635\u0629"},"geometry":{"type":"MultiPolygon","coordinates":[[[[8.345,34.401],[8.253,34.469],[8.202,34.451],[8.18,34.476],[8.116,34.48],[8.116,34.48],[8.141,34.523],[8.147,34.548],[8.237,34.62],[8.245,34.671],[8.301,34.721],[8.297,34.738],[8.347,34.724],[8.499,34.642],[8.502,34.641],[8.502,34.641],[8.512,34.592],[8.538,34.532],[8.642,34.507],[8.655,34.482],[8.595,34.467],[8.513,34.403],[8.515,34.394],[8.47,34.424],[8.345,34.401]]]]}},{"type":"Feature","properties":{"id":"TN612","del_fr":"Sidi Aich","del_ar":"\u0633\u064a\u062f\u064a \u0639\u064a\u0634","gouv_id":"TN61","gouv_fr":"Gafsa","gouv_ar":"\u0642\u0641\u0635\u0629"},"geometry":{"type":"MultiPolygon","coordinates":[[[[8.631,34.654],[8.715,34.722],[8.901,34.797],[8.917,34.804],[8.917,34.804],[8.949,34.747],[8.99,34.724],[8.99,34.724],[8.927,34.64],[8.962,34.593],[8.953,34.575],[8.802,34.629],[8.7,34.592],[8.631,34.654],[8.631,34.654]]]]}},{"type":"Feature","properties":{"id":"TN613","del_fr":"El ksar","del_ar":"\u0627\u0644\u0642\u0635\u0631","gouv_id":"TN61","gouv_fr":"Gafsa","gouv_ar":"\u0642\u0641\u0635\u0629"},"geometry":{"type":"MultiPolygon","coordinates":[[[[8.82,34.328],[8.734,34.33],[8.755,34.378],[8.846,34.443],[8.893,34.454],[8.88,34.5],[8.975,34.5],[9.059,34.4],[9.014,34.4],[8.958,34.389],[8.861,34.346],[8.82,34.328]]]]}},{"type":"Feature","properties":{"id":"TN611","del_fr":"Gafsa Nord","del_ar":"\u0642\u0641\u0635\u0629 \u0627\u0644\u0634\u0645\u0627\u0644\u064a\u0629","gouv_id":"TN61","gouv_fr":"Gafsa","gouv_ar":"\u0642\u0641\u0635\u0629"},"geometry":{"type":"MultiPolygon","coordinates":[[[[8.99,34.724],[9.066,34.679],[9.135,34.708],[9.146,34.708],[9.146,34.708],[9.114,34.629],[9.062,34.618],[8.984,34.49],[8.975,34.5],[8.88,34.5],[8.893,34.454],[8.846,34.443],[8.842,34.441],[8.759,34.539],[8.7,34.592],[8.802,34.629],[8.953,34.575],[8.962,34.593],[8.927,34.64],[8.99,34.724],[8.99,34.724]]]]}},{"type":"Feature","properties":{"id":"TN51A","del_fr":"Mareth","del_ar":"\u0645\u0627\u0631\u062b","gouv_id":"TN51","gouv_fr":"Gabes","gouv_ar":"\u0642\u0627\u0628\u0633"},"geometry":{"type":"MultiPolygon","coordinates":[[[[10.024,33.309],[9.91,33.3],[9.954,33.352],[10.023,33.377],[10.067,33.455],[10.066,33.485],[10.132,33.545],[10.147,33.558],[10.161,33.637],[10.14,33.728],[10.132,33.759],[10.188,33.814],[10.36,33.678],[10.437,33.656],[10.382,33.584],[10.325,33.506],[10.278,33.442],[10.231,33.435],[10.145,33.422],[10.106,33.372],[10.024,33.309]]]]}},{"type":"Feature","properties":{"id":"TN11K","del_fr":"lE Kram","del_ar":"\u0627\u0644\u0643\u0631\u0645","gouv_id":"TN11","gouv_fr":"Tunis","gouv_ar":"\u062a\u0648\u0646\u0633"},"geometry":{"type":"MultiPolygon","coordinates":[[[[10.266,36.862],[10.273,36.863],[10.3,36.865],[10.312,36.863],[10.311,36.853],[10.332,36.844],[10.325,36.838],[10.321,36.832],[10.281,36.851],[10.266,36.862],[10.266,36.862]]]]}},{"type":"Feature","properties":{"id":"TN618","del_fr":"Mdhila","del_ar":"\u0627\u0644\u0645\u0638\u064a\u0644\u0629","gouv_id":"TN61","gouv_fr":"Gafsa","gouv_ar":"\u0642\u0641\u0635\u0629"},"geometry":{"type":"MultiPolygon","coordinates":[[[[8.631,34.078],[8.619,34.078],[8.596,34.152],[8.613,34.224],[8.531,34.217],[8.518,34.249],[8.514,34.249],[8.553,34.278],[8.639,34.332],[8.82,34.328],[8.861,34.346],[8.861,34.346],[8.863,34.307],[8.794,34.278],[8.811,34.242],[8.786,34.174],[8.88,34.207],[8.911,34.192],[8.889,34.157],[8.896,34.14],[8.893,34.14],[8.863,34.115],[8.67,34.096],[8.661,34.072],[8.631,34.078]]]]}},{"type":"Feature","properties":{"id":"TN619","del_fr":"El Gtar","del_ar":"\u0627\u0644\u0642\u0637\u0627\u0631","gouv_id":"TN61","gouv_fr":"Gafsa","gouv_ar":"\u0642\u0641\u0635\u0629"},"geometry":{"type":"MultiPolygon","coordinates":[[[[8.861,34.346],[8.958,34.389],[9.014,34.4],[9.161,34.4],[9.28,34.438],[9.28,34.438],[9.295,34.389],[9.329,34.375],[9.329,34.339],[9.29,34.325],[9.2,34.332],[9.174,34.303],[9.178,34.246],[9.156,34.25],[9.167,34.192],[9.048,34.136],[8.896,34.14],[8.889,34.157],[8.911,34.192],[8.88,34.207],[8.786,34.174],[8.811,34.242],[8.794,34.278],[8.863,34.307],[8.861,34.346],[8.861,34.346]]]]}},{"type":"Feature","properties":{"id":"TN143","del_fr":"Oued Elil","del_ar":"\u0648\u0627\u062f \u0627\u0644\u0644\u064a\u0644","gouv_id":"TN14","gouv_fr":"Mannouba","gouv_ar":"\u0645\u0646\u0648\u0628\u0629"},"geometry":{"type":"MultiPolygon","coordinates":[[[[10.001,36.789],[9.968,36.836],[9.982,36.837],[9.992,36.851],[10.027,36.849],[10.063,36.871],[10.076,36.876],[10.076,36.876],[10.081,36.855],[10.08,36.854],[10.063,36.83],[10.07,36.824],[10.052,36.817],[10.071,36.798],[10.053,36.789],[10.026,36.797],[10.003,36.786],[10.002,36.787],[10.002,36.787],[10.001,36.789]]]]}},{"type":"Feature","properties":{"id":"TN11I","del_fr":"Djbel Djloud","del_ar":"\u062c\u0628\u0644 \u0627\u0644\u062c\u0644\u0648\u062f","gouv_id":"TN11","gouv_fr":"Tunis","gouv_ar":"\u062a\u0648\u0646\u0633"},"geometry":{"type":"MultiPolygon","coordinates":[[[[10.208,36.746],[10.195,36.763],[10.193,36.766],[10.192,36.778],[10.199,36.781],[10.203,36.779],[10.212,36.773],[10.223,36.767],[10.223,36.767],[10.217,36.76],[10.208,36.746],[10.208,36.746],[10.208,36.746]]]]}},{"type":"Feature","properties":{"id":"TN119","del_fr":"Cit\u00e9 Elkhadra","del_ar":"\u062d\u064a \u0627\u0644\u062e\u0636\u0631\u0627\u0621","gouv_id":"TN11","gouv_fr":"Tunis","gouv_ar":"\u062a\u0648\u0646\u0633"},"geometry":{"type":"MultiPolygon","coordinates":[[[[10.183,36.818],[10.181,36.819],[10.178,36.82],[10.179,36.83],[10.187,36.85],[10.215,36.85],[10.22,36.861],[10.239,36.87],[10.236,36.856],[10.246,36.858],[10.246,36.858],[10.272,36.809],[10.261,36.807],[10.255,36.806],[10.237,36.806],[10.234,36.806],[10.21,36.806],[10.183,36.818]]]]}},{"type":"Feature","properties":{"id":"TN118","del_fr":"El Menzah","del_ar":"\u0627\u0644\u0645\u0646\u0632\u0647","gouv_id":"TN11","gouv_fr":"Tunis","gouv_ar":"\u062a\u0648\u0646\u0633"},"geometry":{"type":"MultiPolygon","coordinates":[[[[10.143,36.855],[10.168,36.841],[10.185,36.844],[10.179,36.83],[10.178,36.82],[10.177,36.818],[10.172,36.818],[10.166,36.83],[10.157,36.831],[10.148,36.826],[10.135,36.836],[10.131,36.85],[10.143,36.854],[10.143,36.855]]]]}},{"type":"Feature","properties":{"id":"TN42A","del_fr":"Hidra","del_ar":"\u062d\u064a\u062f\u0631\u0629","gouv_id":"TN42","gouv_fr":"Kasserine","gouv_ar":"\u0627\u0644\u0642\u0635\u0631\u064a\u0646"},"geometry":{"type":"MultiPolygon","coordinates":[[[[8.631,35.48],[8.645,35.412],[8.544,35.419],[8.488,35.405],[8.465,35.49],[8.404,35.465],[8.375,35.474],[8.382,35.48],[8.354,35.609],[8.394,35.612],[8.403,35.64],[8.419,35.675],[8.419,35.675],[8.521,35.673],[8.56,35.652],[8.597,35.652],[8.596,35.648],[8.591,35.602],[8.561,35.595],[8.579,35.498],[8.631,35.48]]]]}},{"type":"Feature","properties":{"id":"TN42C","del_fr":"Feriana","del_ar":"\u0641\u0631\u064a\u0627\u0646\u0629","gouv_id":"TN42","gouv_fr":"Kasserine","gouv_ar":"\u0627\u0644\u0642\u0635\u0631\u064a\u0646"},"geometry":{"type":"MultiPolygon","coordinates":[[[[8.673,34.89],[8.573,34.852],[8.508,34.902],[8.356,34.84],[8.352,34.812],[8.281,34.815],[8.26,34.91],[8.321,34.965],[8.325,35.015],[8.445,35.194],[8.48,35.192],[8.545,35.249],[8.626,35.199],[8.626,35.199],[8.594,35.163],[8.637,35.139],[8.629,35.092],[8.568,35.063],[8.564,35.02],[8.603,35.017],[8.616,34.974],[8.591,34.917],[8.673,34.89]]]]}},{"type":"Feature","properties":{"id":"TN42B","del_fr":"Foussana","del_ar":"\u0641\u0648\u0633\u0627\u0646\u0629","gouv_id":"TN42","gouv_fr":"Kasserine","gouv_ar":"\u0627\u0644\u0642\u0635\u0631\u064a\u0646"},"geometry":{"type":"MultiPolygon","coordinates":[[[[8.72,35.264],[8.702,35.22],[8.694,35.2],[8.637,35.192],[8.626,35.199],[8.545,35.249],[8.48,35.192],[8.445,35.194],[8.467,35.226],[8.323,35.276],[8.308,35.419],[8.375,35.474],[8.404,35.465],[8.465,35.49],[8.488,35.405],[8.544,35.419],[8.645,35.412],[8.641,35.433],[8.706,35.413],[8.737,35.388],[8.827,35.357],[8.822,35.352],[8.804,35.307],[8.802,35.307],[8.749,35.279],[8.72,35.264]]]]}},{"type":"Feature","properties":{"id":"TN115","del_fr":"Elomrane","del_ar":"\u0627\u0644\u0639\u0645\u0631\u0627\u0646","gouv_id":"TN11","gouv_fr":"Tunis","gouv_ar":"\u062a\u0648\u0646\u0633"},"geometry":{"type":"MultiPolygon","coordinates":[[[[10.138,36.822],[10.157,36.831],[10.166,36.83],[10.172,36.818],[10.177,36.818],[10.177,36.812],[10.159,36.808],[10.153,36.812],[10.141,36.819],[10.138,36.822]]]]}},{"type":"Feature","properties":{"id":"TN42D","del_fr":"Majel Bel Abb\u00e8s","del_ar":"\u0645\u0627\u062c\u0644 \u0628\u0644\u0639\u0628\u0627\u0633","gouv_id":"TN42","gouv_fr":"Kasserine","gouv_ar":"\u0627\u0644\u0642\u0635\u0631\u064a\u0646"},"geometry":{"type":"MultiPolygon","coordinates":[[[[8.818,34.763],[8.715,34.722],[8.631,34.654],[8.581,34.614],[8.502,34.641],[8.499,34.642],[8.347,34.724],[8.297,34.738],[8.281,34.815],[8.352,34.812],[8.356,34.84],[8.508,34.902],[8.573,34.852],[8.678,34.892],[8.68,34.893],[8.68,34.893],[8.732,34.829],[8.793,34.829],[8.818,34.763]]]]}},{"type":"Feature","properties":{"id":"TN117","del_fr":"Ettahrir","del_ar":"\u0627\u0644\u062a\u062d\u0631\u064a\u0631","gouv_id":"TN11","gouv_fr":"Tunis","gouv_ar":"\u062a\u0648\u0646\u0633"},"geometry":{"type":"MultiPolygon","coordinates":[[[[10.118,36.831],[10.117,36.834],[10.121,36.835],[10.13,36.83],[10.138,36.822],[10.127,36.817],[10.118,36.827],[10.118,36.829],[10.118,36.829],[10.118,36.831]]]]}},{"type":"Feature","properties":{"id":"TN116","del_fr":"Elomrane Sup\u00e9rieur","del_ar":"\u0627\u0644\u0639\u0645\u0631\u0627\u0646  \u0627\u0644\u0623\u0639\u0644\u0649","gouv_id":"TN11","gouv_fr":"Tunis","gouv_ar":"\u062a\u0648\u0646\u0633"},"geometry":{"type":"MultiPolygon","coordinates":[[[[10.148,36.826],[10.138,36.822],[10.13,36.83],[10.121,36.835],[10.117,36.834],[10.114,36.842],[10.115,36.842],[10.12,36.847],[10.131,36.85],[10.135,36.836],[10.148,36.826]]]]}},{"type":"Feature","properties":{"id":"TN623","del_fr":"Tameghza","del_ar":"\u062a\u0645\u063a\u0632\u0629","gouv_id":"TN62","gouv_fr":"Tozeur","gouv_ar":"\u062a\u0648\u0632\u0631"},"geometry":{"type":"MultiPolygon","coordinates":[[[[8.061,34.329],[8.087,34.304],[8.087,34.304],[8.044,34.301],[7.957,34.311],[8.045,34.179],[8.027,34.164],[7.981,34.125],[7.976,34.125],[7.869,34.124],[7.766,34.105],[7.738,34.098],[7.642,34.075],[7.558,34.059],[7.558,34.063],[7.617,34.121],[7.655,34.193],[7.805,34.227],[7.876,34.407],[7.975,34.44],[8.138,34.541],[8.147,34.548],[8.141,34.523],[8.116,34.48],[8.09,34.433],[8.09,34.398],[8.061,34.329]]]]}},{"type":"Feature","properties":{"id":"TN622","del_fr":"Degach","del_ar":"\u062f\u0642\u0627\u0634","gouv_id":"TN62","gouv_fr":"Tozeur","gouv_ar":"\u062a\u0648\u0632\u0631"},"geometry":{"type":"MultiPolygon","coordinates":[[[[8.027,34.164],[8.045,34.179],[7.957,34.311],[8.044,34.301],[8.087,34.304],[8.087,34.304],[8.112,34.28],[8.213,34.184],[8.338,34.167],[8.339,34.091],[8.356,34.07],[8.631,34.078],[8.661,34.072],[8.64,34.01],[8.482,33.87],[8.386,33.809],[8.316,33.765],[8.189,33.987],[8.142,34.001],[8.09,34.043],[8.098,34.083],[8.027,34.164],[8.027,34.164]]]]}},{"type":"Feature","properties":{"id":"TN621","del_fr":"Tozeur","del_ar":"\u062a\u0648\u0632\u0631","gouv_id":"TN62","gouv_fr":"Tozeur","gouv_ar":"\u062a\u0648\u0632\u0631"},"geometry":{"type":"MultiPolygon","coordinates":[[[[7.976,34.125],[7.981,34.125],[8.027,34.164],[8.027,34.164],[8.098,34.083],[8.09,34.043],[8.142,34.001],[8.189,33.987],[8.316,33.765],[8.188,33.682],[8.155,33.66],[8.01,33.871],[8.031,33.892],[7.976,34.125],[7.976,34.125]]]]}},{"type":"Feature","properties":{"id":"TN11J","del_fr":"La Goulette","del_ar":"\u062d\u0644\u0642 \u0627\u0644\u0648\u0627\u062f\u064a","gouv_id":"TN11","gouv_fr":"Tunis","gouv_ar":"\u062a\u0648\u0646\u0633"},"geometry":{"type":"MultiPolygon","coordinates":[[[[10.246,36.858],[10.266,36.862],[10.266,36.862],[10.281,36.851],[10.321,36.832],[10.307,36.814],[10.272,36.809],[10.246,36.858],[10.246,36.858]]]]}},{"type":"Feature","properties":{"id":"TN11L","del_fr":"La Marsa","del_ar":"\u0627\u0644\u0645\u0631\u0633\u0649","gouv_id":"TN11","gouv_fr":"Tunis","gouv_ar":"\u062a\u0648\u0646\u0633"},"geometry":{"type":"MultiPolygon","coordinates":[[[[10.276,36.877],[10.285,36.9],[10.25,36.938],[10.256,36.952],[10.291,36.931],[10.322,36.916],[10.362,36.884],[10.314,36.863],[10.312,36.863],[10.3,36.865],[10.289,36.864],[10.276,36.877]]]]}},{"type":"Feature","properties":{"id":"TN625","del_fr":"Hazoua","del_ar":"\u062d\u0632\u0648\u0629","gouv_id":"TN62","gouv_fr":"Tozeur","gouv_ar":"\u062a\u0648\u0632\u0631"},"geometry":{"type":"MultiPolygon","coordinates":[[[[7.558,34.059],[7.642,34.075],[7.738,34.098],[7.738,34.098],[7.748,33.883],[7.693,33.828],[7.733,33.711],[7.864,33.547],[7.935,33.508],[7.874,33.465],[7.737,33.422],[7.727,33.428],[7.635,33.574],[7.528,33.827],[7.539,33.956],[7.558,34.059]]]]}},{"type":"Feature","properties":{"id":"TN624","del_fr":"Nafta","del_ar":"\u0646\u0641\u0637\u0629","gouv_id":"TN62","gouv_fr":"Tozeur","gouv_ar":"\u062a\u0648\u0632\u0631"},"geometry":{"type":"MultiPolygon","coordinates":[[[[7.738,34.098],[7.766,34.105],[7.869,34.124],[7.976,34.125],[7.976,34.125],[8.031,33.892],[8.01,33.871],[8.155,33.66],[7.935,33.508],[7.864,33.547],[7.733,33.711],[7.693,33.828],[7.748,33.883],[7.738,34.098],[7.738,34.098]]]]}},{"type":"Feature","properties":{"id":"TN421","del_fr":"Kasserine Nord","del_ar":"\u0627\u0644\u0642\u0635\u0631\u064a\u0646 \u0627\u0644\u0634\u0645\u0627\u0644\u064a\u0629","gouv_id":"TN42","gouv_fr":"Kasserine","gouv_ar":"\u0627\u0644\u0642\u0635\u0631\u064a\u0646"},"geometry":{"type":"MultiPolygon","coordinates":[[[[8.795,35.164],[8.754,35.191],[8.729,35.197],[8.702,35.22],[8.702,35.22],[8.72,35.264],[8.749,35.279],[8.749,35.279],[8.768,35.237],[8.833,35.218],[8.869,35.21],[8.876,35.204],[8.857,35.158],[8.831,35.169],[8.808,35.173],[8.795,35.164]]]]}},{"type":"Feature","properties":{"id":"TN11E","del_fr":"Sidi Hassine","del_ar":"\u0633\u064a\u062f\u064a \u062d\u0633\u064a\u0646","gouv_id":"TN11","gouv_fr":"Tunis","gouv_ar":"\u062a\u0648\u0646\u0633"},"geometry":{"type":"MultiPolygon","coordinates":[[[[10.139,36.79],[10.156,36.733],[10.154,36.734],[10.134,36.736],[10.135,36.731],[10.143,36.716],[10.144,36.7],[10.089,36.695],[10.069,36.724],[10.031,36.754],[10.026,36.76],[10.078,36.774],[10.126,36.787],[10.126,36.787],[10.139,36.79]]]]}},{"type":"Feature","properties":{"id":"TN423","del_fr":"Ezzouhour","del_ar":"\u0627\u0644\u0632\u0647\u0648\u0631","gouv_id":"TN42","gouv_fr":"Kasserine","gouv_ar":"\u0627\u0644\u0642\u0635\u0631\u064a\u0646"},"geometry":{"type":"MultiPolygon","coordinates":[[[[8.857,35.158],[8.856,35.157],[8.833,35.151],[8.797,35.163],[8.795,35.164],[8.808,35.173],[8.831,35.169],[8.857,35.158]]]]}},{"type":"Feature","properties":{"id":"TN422","del_fr":"Kasserine Sud","del_ar":"\u0627\u0644\u0642\u0635\u0631\u064a\u0646 \u0627\u0644\u062c\u0646\u0648\u0628\u064a\u0629","gouv_id":"TN42","gouv_fr":"Kasserine","gouv_ar":"\u0627\u0644\u0642\u0635\u0631\u064a\u0646"},"geometry":{"type":"MultiPolygon","coordinates":[[[[8.754,35.191],[8.797,35.163],[8.833,35.151],[8.856,35.157],[8.876,35.204],[8.869,35.21],[8.833,35.218],[8.768,35.237],[8.749,35.279],[8.749,35.279],[8.802,35.307],[8.881,35.286],[8.934,35.211],[9.025,35.171],[9.013,35.151],[8.99,35.114],[8.877,35.057],[8.76,35.021],[8.747,34.967],[8.747,34.953],[8.717,34.906],[8.68,34.893],[8.678,34.892],[8.673,34.89],[8.591,34.917],[8.616,34.974],[8.603,35.017],[8.564,35.02],[8.568,35.063],[8.629,35.092],[8.637,35.139],[8.594,35.163],[8.626,35.199],[8.626,35.199],[8.637,35.192],[8.694,35.2],[8.702,35.22],[8.702,35.22],[8.729,35.197],[8.754,35.191]]]]}},{"type":"Feature","properties":{"id":"TN425","del_fr":"Sebeitla","del_ar":"\u0633\u0628\u064a\u0637\u0644\u0629","gouv_id":"TN42","gouv_fr":"Kasserine","gouv_ar":"\u0627\u0644\u0642\u0635\u0631\u064a\u0646"},"geometry":{"type":"MultiPolygon","coordinates":[[[[9.288,35.022],[9.174,35.009],[9.093,35.123],[9.013,35.151],[9.013,35.151],[9.025,35.171],[8.934,35.211],[8.881,35.286],[8.804,35.307],[8.822,35.352],[8.883,35.413],[9.01,35.459],[9.093,35.456],[9.163,35.391],[9.194,35.37],[9.198,35.367],[9.198,35.367],[9.163,35.298],[9.263,35.216],[9.237,35.191],[9.258,35.123],[9.333,35.08],[9.296,35.032],[9.292,35.027],[9.288,35.022]]]]}},{"type":"Feature","properties":{"id":"TN424","del_fr":"Hassi ferid","del_ar":"\u062d\u0627\u0633\u064a \u0627\u0644\u0641\u0631\u064a\u062f","gouv_id":"TN42","gouv_fr":"Kasserine","gouv_ar":"\u0627\u0644\u0642\u0635\u0631\u064a\u0646"},"geometry":{"type":"MultiPolygon","coordinates":[[[[9.174,35.009],[9.171,35.008],[9.094,34.97],[9.049,34.948],[9.027,34.898],[9.066,34.883],[9.058,34.865],[8.917,34.804],[8.901,34.797],[8.818,34.763],[8.793,34.829],[8.732,34.829],[8.68,34.893],[8.68,34.893],[8.717,34.906],[8.747,34.953],[8.747,34.967],[8.76,35.021],[8.877,35.057],[8.99,35.114],[9.013,35.151],[9.013,35.151],[9.093,35.123],[9.174,35.009]]]]}},{"type":"Feature","properties":{"id":"TN427","del_fr":"Djedeliane","del_ar":"\u062c\u062f\u0644\u064a\u0627\u0646","gouv_id":"TN42","gouv_fr":"Kasserine","gouv_ar":"\u0627\u0644\u0642\u0635\u0631\u064a\u0646"},"geometry":{"type":"MultiPolygon","coordinates":[[[[9.082,35.624],[9.1,35.577],[9.021,35.555],[9.008,35.588],[8.902,35.62],[8.903,35.585],[8.885,35.585],[8.863,35.606],[8.81,35.61],[8.78,35.617],[8.78,35.617],[8.793,35.667],[8.819,35.71],[8.813,35.761],[8.924,35.724],[8.991,35.696],[8.964,35.674],[8.981,35.638],[9.082,35.624]]]]}},{"type":"Feature","properties":{"id":"TN426","del_fr":"Sebiba","del_ar":"\u0633\u0628\u064a\u0628\u0629","gouv_id":"TN42","gouv_fr":"Kasserine","gouv_ar":"\u0627\u0644\u0642\u0635\u0631\u064a\u0646"},"geometry":{"type":"MultiPolygon","coordinates":[[[[9.192,35.372],[9.163,35.391],[9.093,35.456],[9.028,35.459],[8.973,35.542],[9.1,35.577],[9.086,35.614],[9.164,35.624],[9.184,35.617],[9.193,35.561],[9.289,35.529],[9.335,35.488],[9.343,35.487],[9.343,35.487],[9.192,35.372]]]]}},{"type":"Feature","properties":{"id":"TN533","del_fr":"Smar","del_ar":"\u0627\u0644\u0635\u0645\u0627\u0631","gouv_id":"TN53","gouv_fr":"Tataouine","gouv_ar":"\u062a\u0637\u0627\u0648\u064a\u0646"},"geometry":{"type":"MultiPolygon","coordinates":[[[[11.155,32.313],[11.154,32.353],[10.952,32.574],[10.887,32.683],[10.695,32.807],[10.742,32.86],[10.806,32.892],[10.76,32.907],[10.753,32.96],[10.851,32.984],[10.851,33.002],[10.74,32.989],[10.694,33.015],[10.716,33.04],[10.734,33.075],[10.7,33.076],[10.697,33.102],[10.755,33.096],[10.959,33.075],[10.976,33.097],[10.998,33.103],[11.027,33.096],[11.021,33.017],[11.079,32.938],[11.121,32.722],[11.086,32.673],[11.21,32.391],[11.337,32.403],[11.34,32.375],[11.162,32.313],[11.155,32.313]]]]}},{"type":"Feature","properties":{"id":"TN134","del_fr":"Hammam Lif","del_ar":"\u062d\u0645\u0627\u0645 \u0627\u0644\u0627\u0646\u0641","gouv_id":"TN13","gouv_fr":"Ben Arous","gouv_ar":"\u0628\u0646 \u0639\u0631\u0648\u0633"},"geometry":{"type":"MultiPolygon","coordinates":[[[[10.329,36.748],[10.341,36.741],[10.352,36.737],[10.351,36.698],[10.332,36.702],[10.319,36.699],[10.317,36.736],[10.329,36.748]]]]}},{"type":"Feature","properties":{"id":"TN11G","del_fr":"El Kabaria","del_ar":"\u0627\u0644\u0643\u0628\u0627\u0631\u064a\u0629","gouv_id":"TN11","gouv_fr":"Tunis","gouv_ar":"\u062a\u0648\u0646\u0633"},"geometry":{"type":"MultiPolygon","coordinates":[[[[10.168,36.758],[10.195,36.763],[10.208,36.746],[10.204,36.739],[10.189,36.723],[10.175,36.725],[10.171,36.725],[10.156,36.733],[10.15,36.754],[10.168,36.758],[10.168,36.758]]]]}},{"type":"Feature","properties":{"id":"TN532","del_fr":"Tataouine Sud","del_ar":"\u062a\u0637\u0627\u0648\u064a\u0646 \u0627\u0644\u062c\u0646\u0648\u0628\u064a\u0629","gouv_id":"TN53","gouv_fr":"Tataouine","gouv_ar":"\u062a\u0637\u0627\u0648\u064a\u0646"},"geometry":{"type":"MultiPolygon","coordinates":[[[[9.921,32.808],[9.977,32.854],[9.956,32.894],[9.948,32.969],[10.114,32.982],[10.364,32.958],[10.402,32.94],[10.524,32.888],[10.506,32.828],[10.459,32.803],[10.424,32.732],[10.394,32.59],[10.354,32.597],[10.325,32.622],[10.13,32.61],[10.105,32.592],[9.982,32.586],[9.963,32.628],[9.958,32.693],[9.878,32.73],[9.921,32.808]]]]}},{"type":"Feature","properties":{"id":"TN11F","del_fr":"El Ourdia","del_ar":"\u0627\u0644\u0648\u0631\u062f\u064a\u0629","gouv_id":"TN11","gouv_fr":"Tunis","gouv_ar":"\u062a\u0648\u0646\u0633"},"geometry":{"type":"MultiPolygon","coordinates":[[[[10.168,36.758],[10.167,36.758],[10.168,36.758],[10.15,36.754],[10.148,36.761],[10.167,36.767],[10.167,36.766],[10.175,36.772],[10.183,36.776],[10.181,36.783],[10.193,36.785],[10.193,36.785],[10.199,36.781],[10.192,36.778],[10.193,36.766],[10.195,36.763],[10.168,36.758]]]]}},{"type":"Feature","properties":{"id":"TN156","del_fr":"EL Mida","del_ar":"\u0627\u0644\u0645\u064a\u062f\u0629","gouv_id":"TN15","gouv_fr":"Nabeul","gouv_ar":"\u0646\u0627\u0628\u0644"},"geometry":{"type":"MultiPolygon","coordinates":[[[[10.731,36.769],[10.75,36.785],[10.753,36.792],[10.756,36.796],[10.756,36.796],[10.812,36.767],[10.85,36.777],[10.902,36.733],[10.958,36.714],[10.954,36.711],[10.919,36.648],[10.863,36.671],[10.779,36.696],[10.778,36.695],[10.762,36.739],[10.738,36.763],[10.731,36.769]]]]}},{"type":"Feature","properties":{"id":"TN132","del_fr":"La Nouvelle Medina","del_ar":"\u0627\u0644\u0645\u062f\u064a\u0646\u0629 \u0627\u0644\u062c\u062f\u064a\u062f\u0629","gouv_id":"TN13","gouv_fr":"Ben Arous","gouv_ar":"\u0628\u0646 \u0639\u0631\u0648\u0633"},"geometry":{"type":"MultiPolygon","coordinates":[[[[10.253,36.72],[10.248,36.711],[10.228,36.734],[10.226,36.735],[10.228,36.749],[10.24,36.757],[10.242,36.756],[10.242,36.755],[10.28,36.745],[10.256,36.723],[10.253,36.72]]]]}},{"type":"Feature","properties":{"id":"TN212","del_fr":"B\u00e9ja Sud","del_ar":"\u0628\u0627\u062c\u0629 \u0627\u0644\u062c\u0646\u0648\u0628\u064a\u0629","gouv_id":"TN21","gouv_fr":"Beja","gouv_ar":"\u0628\u0627\u062c\u0629"},"geometry":{"type":"MultiPolygon","coordinates":[[[[9.346,36.7],[9.326,36.669],[9.293,36.628],[9.234,36.571],[9.217,36.555],[9.155,36.523],[9.155,36.533],[9.085,36.572],[9.047,36.634],[9.035,36.651],[9.086,36.682],[9.084,36.688],[9.124,36.705],[9.233,36.734],[9.291,36.707],[9.346,36.7]]]]}},{"type":"Feature","properties":{"id":"TN213","del_fr":"Amdoun","del_ar":"\u0639\u0645\u062f\u0648\u0646","gouv_id":"TN21","gouv_fr":"Beja","gouv_ar":"\u0628\u0627\u062c\u0629"},"geometry":{"type":"MultiPolygon","coordinates":[[[[9.153,36.844],[9.131,36.829],[9.142,36.777],[9.069,36.718],[9.086,36.682],[9.035,36.651],[9.026,36.664],[9.025,36.665],[9.024,36.666],[9.029,36.741],[9.011,36.773],[8.918,36.777],[8.922,36.795],[8.919,36.796],[8.947,36.835],[8.987,36.857],[9.009,36.889],[9.001,36.892],[9.067,36.886],[9.064,36.841],[9.091,36.814],[9.122,36.855],[9.153,36.844]]]]}},{"type":"Feature","properties":{"id":"TN211","del_fr":"B\u00e9ja Nord","del_ar":"\u0628\u0627\u062c\u0629 \u0627\u0644\u0634\u0645\u0627\u0644\u064a\u0629","gouv_id":"TN21","gouv_fr":"Beja","gouv_ar":"\u0628\u0627\u062c\u0629"},"geometry":{"type":"MultiPolygon","coordinates":[[[[9.084,36.688],[9.069,36.718],[9.142,36.777],[9.131,36.829],[9.178,36.861],[9.136,36.888],[9.211,36.918],[9.247,36.912],[9.245,36.904],[9.325,36.868],[9.347,36.875],[9.389,36.846],[9.349,36.771],[9.376,36.748],[9.376,36.748],[9.346,36.7],[9.291,36.707],[9.233,36.734],[9.124,36.705],[9.084,36.688]]]]}},{"type":"Feature","properties":{"id":"TN216","del_fr":"Tibar","del_ar":"\u062a\u064a\u0628\u0627\u0631","gouv_id":"TN21","gouv_fr":"Beja","gouv_ar":"\u0628\u0627\u062c\u0629"},"geometry":{"type":"MultiPolygon","coordinates":[[[[9.01,36.469],[9.047,36.469],[9.055,36.523],[9.086,36.569],[9.085,36.572],[9.155,36.533],[9.155,36.523],[9.153,36.483],[9.075,36.434],[9.01,36.469],[9.01,36.469]]]]}},{"type":"Feature","properties":{"id":"TN217","del_fr":"Testour","del_ar":"\u062a\u0633\u062a\u0648\u0631","gouv_id":"TN21","gouv_fr":"Beja","gouv_ar":"\u0628\u0627\u062c\u0629"},"geometry":{"type":"MultiPolygon","coordinates":[[[[9.355,36.448],[9.328,36.526],[9.277,36.564],[9.234,36.571],[9.234,36.571],[9.293,36.628],[9.326,36.669],[9.376,36.748],[9.376,36.748],[9.406,36.722],[9.43,36.738],[9.43,36.738],[9.482,36.728],[9.499,36.663],[9.533,36.652],[9.585,36.591],[9.625,36.565],[9.623,36.562],[9.54,36.505],[9.531,36.464],[9.533,36.462],[9.463,36.454],[9.355,36.448]]]]}},{"type":"Feature","properties":{"id":"TN214","del_fr":"Nefza","del_ar":"\u0646\u0641\u0632\u0629","gouv_id":"TN21","gouv_fr":"Beja","gouv_ar":"\u0628\u0627\u062c\u0629"},"geometry":{"type":"MultiPolygon","coordinates":[[[[9.001,36.892],[8.926,36.926],[8.933,36.96],[8.872,37.013],[8.945,37.056],[9.075,37.145],[9.079,37.149],[9.098,37.124],[9.087,37.093],[9.109,37.049],[9.189,37.052],[9.221,36.998],[9.216,36.963],[9.256,36.939],[9.247,36.912],[9.211,36.918],[9.136,36.888],[9.178,36.861],[9.153,36.844],[9.122,36.855],[9.091,36.814],[9.064,36.841],[9.067,36.886],[9.001,36.892]]]]}},{"type":"Feature","properties":{"id":"TN215","del_fr":"Teboursouk","del_ar":"\u062a\u0628\u0631\u0633\u0642","gouv_id":"TN21","gouv_fr":"Beja","gouv_ar":"\u0628\u0627\u062c\u0629"},"geometry":{"type":"MultiPolygon","coordinates":[[[[9.327,36.373],[9.266,36.341],[9.259,36.368],[9.166,36.381],[9.135,36.356],[9.115,36.359],[9.122,36.391],[9.077,36.433],[9.075,36.434],[9.153,36.483],[9.155,36.523],[9.217,36.555],[9.234,36.571],[9.234,36.571],[9.277,36.564],[9.328,36.526],[9.358,36.438],[9.327,36.373]]]]}},{"type":"Feature","properties":{"id":"TN218","del_fr":"Goubellat","del_ar":"\u0642\u0628\u0644\u0627\u0637","gouv_id":"TN21","gouv_fr":"Beja","gouv_ar":"\u0628\u0627\u062c\u0629"},"geometry":{"type":"MultiPolygon","coordinates":[[[[9.702,36.435],[9.626,36.417],[9.554,36.424],[9.555,36.43],[9.533,36.462],[9.531,36.464],[9.54,36.505],[9.623,36.562],[9.652,36.589],[9.675,36.637],[9.699,36.641],[9.761,36.604],[9.799,36.631],[9.799,36.639],[9.812,36.636],[9.821,36.609],[9.854,36.607],[9.865,36.587],[9.84,36.561],[9.759,36.474],[9.745,36.464],[9.702,36.435]]]]}},{"type":"Feature","properties":{"id":"TN228","del_fr":"Oued Mliz","del_ar":"\u0648\u0627\u062f\u064a \u0645\u0644\u064a\u0632","gouv_id":"TN22","gouv_fr":"Jandouba","gouv_ar":"\u062c\u0646\u062f\u0648\u0628\u0629"},"geometry":{"type":"MultiPolygon","coordinates":[[[[8.657,36.513],[8.685,36.418],[8.608,36.404],[8.534,36.379],[8.543,36.407],[8.49,36.428],[8.498,36.475],[8.525,36.478],[8.485,36.528],[8.513,36.569],[8.543,36.562],[8.581,36.489],[8.628,36.52],[8.657,36.513]]]]}},{"type":"Feature","properties":{"id":"TN342","del_fr":"Sfax Ouest","del_ar":"\u0635\u0641\u0627\u0642\u0633 \u0627\u0644\u063a\u0631\u0628\u064a\u0629","gouv_id":"TN34","gouv_fr":"Sfax","gouv_ar":"\u0635\u0641\u0627\u0642\u0633"},"geometry":{"type":"MultiPolygon","coordinates":[[[[10.69,34.745],[10.707,34.75],[10.732,34.767],[10.732,34.767],[10.753,34.751],[10.722,34.714],[10.69,34.745],[10.69,34.745]]]]}},{"type":"Feature","properties":{"id":"TN32A","del_fr":"Teboulba","del_ar":"\u0637\u0628\u0644\u0628\u0629","gouv_id":"TN32","gouv_fr":"Monastir","gouv_ar":"\u0635\u064a\u0627\u062f\u0629 \u0644\u0645\u0637\u0629 \u0628\u0648\u062d\u062c\u0631"},"geometry":{"type":"MultiPolygon","coordinates":[[[[10.995,35.646],[10.98,35.619],[10.982,35.613],[10.982,35.613],[10.956,35.618],[10.932,35.624],[10.934,35.625],[10.933,35.642],[10.933,35.65],[10.932,35.654],[10.928,35.667],[10.98,35.648],[10.995,35.646]]]]}},{"type":"Feature","properties":{"id":"TN61B","del_fr":"Sned","del_ar":"\u0627\u0644\u0633\u0646\u062f","gouv_id":"TN61","gouv_fr":"Gafsa","gouv_ar":"\u0642\u0641\u0635\u0629"},"geometry":{"type":"MultiPolygon","coordinates":[[[[9.146,34.708],[9.209,34.708],[9.291,34.682],[9.296,34.629],[9.252,34.582],[9.278,34.575],[9.334,34.564],[9.346,34.51],[9.317,34.486],[9.278,34.446],[9.28,34.438],[9.28,34.438],[9.161,34.4],[9.059,34.4],[8.984,34.49],[9.062,34.618],[9.114,34.629],[9.146,34.708],[9.146,34.708]]]]}},{"type":"Feature","properties":{"id":"TN518","del_fr":"Matmata","del_ar":"\u0645\u0637\u0645\u0627\u0637\u0629","gouv_id":"TN51","gouv_fr":"Gabes","gouv_ar":"\u0642\u0627\u0628\u0633"},"geometry":{"type":"MultiPolygon","coordinates":[[[[9.91,33.3],[9.802,33.292],[9.723,33.3],[9.713,33.307],[9.666,33.347],[9.633,33.429],[9.518,33.501],[9.518,33.519],[9.544,33.53],[9.626,33.605],[9.83,33.553],[9.856,33.575],[9.814,33.65],[9.844,33.664],[9.895,33.596],[9.998,33.581],[10.065,33.484],[10.066,33.485],[10.067,33.455],[10.023,33.377],[9.954,33.352],[9.91,33.3]]]]}},{"type":"Feature","properties":{"id":"TN61A","del_fr":"Belkhir","del_ar":"\u0628\u0644\u062e\u064a\u0631","gouv_id":"TN61","gouv_fr":"Gafsa","gouv_ar":"\u0642\u0641\u0635\u0629"},"geometry":{"type":"MultiPolygon","coordinates":[[[[9.278,34.446],[9.317,34.486],[9.347,34.511],[9.433,34.485],[9.464,34.487],[9.515,34.403],[9.58,34.384],[9.571,34.356],[9.553,34.352],[9.566,34.283],[9.54,34.282],[9.557,34.246],[9.484,34.225],[9.354,34.236],[9.268,34.211],[9.249,34.208],[9.178,34.197],[9.171,34.193],[9.167,34.192],[9.156,34.25],[9.178,34.246],[9.174,34.303],[9.2,34.332],[9.29,34.325],[9.329,34.339],[9.329,34.375],[9.295,34.389],[9.28,34.438],[9.278,34.446]]]]}},{"type":"Feature","properties":{"id":"TN515","del_fr":"ElMetouia","del_ar":"\u0627\u0644\u0645\u0637\u0648\u064a\u0629","gouv_id":"TN51","gouv_fr":"Gabes","gouv_ar":"\u0642\u0627\u0628\u0633"},"geometry":{"type":"MultiPolygon","coordinates":[[[[9.907,34.126],[9.921,34.208],[9.964,34.218],[9.981,34.197],[10.046,34.172],[10.037,34.157],[10.057,34.011],[10.033,33.949],[10.03,33.942],[9.982,33.932],[9.974,33.939],[9.921,33.925],[9.916,33.947],[9.908,34.0],[9.803,34.035],[9.816,34.051],[9.881,34.069],[9.885,34.104],[9.881,34.126],[9.907,34.126]]]]}},{"type":"Feature","properties":{"id":"TN514","del_fr":"Ghannouch","del_ar":"\u063a\u0646\u0648\u0634","gouv_id":"TN51","gouv_fr":"Gabes","gouv_ar":"\u0642\u0627\u0628\u0633"},"geometry":{"type":"MultiPolygon","coordinates":[[[[10.033,33.949],[10.057,34.011],[10.064,33.963],[10.092,33.929],[10.077,33.92],[10.059,33.922],[10.033,33.949],[10.033,33.949]]]]}},{"type":"Feature","properties":{"id":"TN517","del_fr":"EL Hamma","del_ar":"\u0627\u0644\u062d\u0627\u0645\u0629","gouv_id":"TN51","gouv_fr":"Gabes","gouv_ar":"\u0642\u0627\u0628\u0633"},"geometry":{"type":"MultiPolygon","coordinates":[[[[9.416,33.711],[9.345,33.75],[9.282,33.869],[9.257,34.077],[9.352,34.13],[9.352,34.13],[9.427,34.089],[9.496,34.132],[9.655,34.131],[9.715,34.052],[9.741,34.055],[9.803,34.035],[9.908,34.0],[9.916,33.947],[9.921,33.925],[9.948,33.81],[9.949,33.807],[9.97,33.76],[9.955,33.754],[9.78,33.679],[9.733,33.69],[9.54,33.637],[9.539,33.636],[9.539,33.635],[9.473,33.654],[9.453,33.704],[9.416,33.711]]]]}},{"type":"Feature","properties":{"id":"TN516","del_fr":"Menzel El Habib","del_ar":"\u0645\u0646\u0632\u0644 \u0627\u0644\u062d\u0628\u064a\u0628","gouv_id":"TN51","gouv_fr":"Gabes","gouv_ar":"\u0642\u0627\u0628\u0633"},"geometry":{"type":"MultiPolygon","coordinates":[[[[9.915,34.174],[9.907,34.126],[9.881,34.126],[9.885,34.104],[9.881,34.069],[9.816,34.051],[9.803,34.035],[9.741,34.055],[9.715,34.052],[9.655,34.131],[9.496,34.132],[9.427,34.089],[9.352,34.13],[9.341,34.136],[9.277,34.161],[9.249,34.208],[9.249,34.208],[9.268,34.211],[9.354,34.236],[9.484,34.225],[9.557,34.246],[9.54,34.282],[9.651,34.288],[9.708,34.291],[9.708,34.291],[9.749,34.241],[9.818,34.223],[9.822,34.255],[9.852,34.248],[9.873,34.205],[9.915,34.174]]]]}},{"type":"Feature","properties":{"id":"TN511","del_fr":"Gabes Medina","del_ar":"\u0642\u0627\u0628\u0633 \u0627\u0644\u0645\u062f\u064a\u0646\u0629","gouv_id":"TN51","gouv_fr":"Gabes","gouv_ar":"\u0642\u0627\u0628\u0633"},"geometry":{"type":"MultiPolygon","coordinates":[[[[10.092,33.929],[10.128,33.886],[10.106,33.881],[10.093,33.874],[10.079,33.92],[10.077,33.92],[10.092,33.929]]]]}},{"type":"Feature","properties":{"id":"TN513","del_fr":"Gabes Sud","del_ar":"\u0642\u0627\u0628\u0633 \u0627\u0644\u062c\u0646\u0648\u0628\u064a\u0629","gouv_id":"TN51","gouv_fr":"Gabes","gouv_ar":"\u0642\u0627\u0628\u0633"},"geometry":{"type":"MultiPolygon","coordinates":[[[[10.041,33.849],[10.106,33.881],[10.128,33.886],[10.187,33.815],[10.188,33.814],[10.132,33.759],[10.14,33.728],[10.14,33.728],[10.1,33.702],[10.044,33.677],[10.066,33.741],[9.993,33.728],[9.955,33.754],[9.97,33.76],[9.949,33.807],[9.948,33.81],[10.033,33.853],[10.041,33.849]]]]}},{"type":"Feature","properties":{"id":"TN512","del_fr":"Gabes Ouest","del_ar":"\u0642\u0627\u0628\u0633 \u0627\u0644\u063a\u0631\u0628\u064a\u0629","gouv_id":"TN51","gouv_fr":"Gabes","gouv_ar":"\u0642\u0627\u0628\u0633"},"geometry":{"type":"MultiPolygon","coordinates":[[[[10.093,33.874],[10.041,33.849],[10.033,33.853],[9.948,33.81],[9.921,33.925],[9.974,33.939],[9.982,33.932],[10.03,33.942],[10.033,33.949],[10.033,33.949],[10.059,33.922],[10.079,33.92],[10.093,33.874]]]]}},{"type":"Feature","properties":{"id":"TN438","del_fr":"Meknassy","del_ar":"\u0645\u0643\u0646\u0627\u0633\u064a","gouv_id":"TN43","gouv_fr":"Sidi Bouzid","gouv_ar":"\u0633\u064a\u062f\u064a \u0628\u0648\u0632\u064a\u062f"},"geometry":{"type":"MultiPolygon","coordinates":[[[[9.851,34.648],[9.824,34.641],[9.772,34.612],[9.728,34.62],[9.707,34.609],[9.641,34.499],[9.464,34.487],[9.446,34.517],[9.477,34.521],[9.481,34.571],[9.512,34.571],[9.525,34.589],[9.503,34.628],[9.508,34.657],[9.564,34.678],[9.513,34.75],[9.556,34.775],[9.591,34.753],[9.626,34.76],[9.63,34.796],[9.63,34.796],[9.691,34.777],[9.725,34.749],[9.725,34.702],[9.759,34.688],[9.811,34.698],[9.851,34.648]]]]}},{"type":"Feature","properties":{"id":"TN439","del_fr":"Souk Jdid","del_ar":"\u0633\u0648\u0642 \u0627\u0644\u062c\u062f\u064a\u062f","gouv_id":"TN43","gouv_fr":"Sidi Bouzid","gouv_ar":"\u0633\u064a\u062f\u064a \u0628\u0648\u0632\u064a\u062f"},"geometry":{"type":"MultiPolygon","coordinates":[[[[9.452,34.822],[9.527,34.921],[9.54,34.964],[9.606,34.996],[9.714,34.957],[9.666,34.928],[9.63,34.796],[9.63,34.796],[9.626,34.76],[9.591,34.753],[9.556,34.775],[9.53,34.76],[9.461,34.779],[9.42,34.764],[9.411,34.797],[9.452,34.822]]]]}},{"type":"Feature","properties":{"id":"TN223","del_fr":"Bou Salem","del_ar":"\u0628\u0648\u0633\u0627\u0644\u0645","gouv_id":"TN22","gouv_fr":"Jandouba","gouv_ar":"\u062c\u0646\u062f\u0648\u0628\u0629"},"geometry":{"type":"MultiPolygon","coordinates":[[[[8.98,36.469],[8.937,36.448],[8.907,36.502],[8.898,36.576],[8.884,36.582],[8.851,36.595],[8.842,36.624],[8.842,36.624],[8.92,36.656],[8.936,36.608],[9.004,36.622],[9.018,36.66],[9.025,36.665],[9.026,36.664],[9.047,36.634],[9.086,36.569],[9.055,36.523],[9.047,36.469],[9.01,36.469],[8.98,36.469]]]]}},{"type":"Feature","properties":{"id":"TN432","del_fr":"Sidi Bouzid Est","del_ar":"\u0633\u064a\u062f\u064a \u0628\u0648\u0632\u064a\u062f \u0627\u0644\u0634\u0631\u0642\u064a\u0629","gouv_id":"TN43","gouv_fr":"Sidi Bouzid","gouv_ar":"\u0633\u064a\u062f\u064a \u0628\u0648\u0632\u064a\u062f"},"geometry":{"type":"MultiPolygon","coordinates":[[[[9.416,35.177],[9.459,35.176],[9.485,35.19],[9.525,35.244],[9.599,35.275],[9.66,35.239],[9.698,35.241],[9.694,35.203],[9.707,35.117],[9.801,34.99],[9.718,34.96],[9.714,34.957],[9.606,34.996],[9.54,34.964],[9.527,34.921],[9.484,34.864],[9.453,34.965],[9.471,34.979],[9.475,35.043],[9.515,35.043],[9.515,35.065],[9.471,35.068],[9.476,35.083],[9.497,35.093],[9.502,35.147],[9.432,35.144],[9.416,35.177],[9.416,35.177]]]]}},{"type":"Feature","properties":{"id":"TN635","del_fr":"Douz Sud","del_ar":"\u062f\u0648\u0632 \u0627\u0644\u062c\u0646\u0648\u0628\u064a\u0629","gouv_id":"TN63","gouv_fr":"Kebili","gouv_ar":"\u0642\u0628\u0644\u064a"},"geometry":{"type":"MultiPolygon","coordinates":[[[[9.923,32.81],[9.921,32.808],[9.878,32.73],[9.958,32.693],[9.963,32.628],[9.953,32.65],[9.89,32.687],[9.823,32.727],[9.739,32.802],[9.565,32.782],[9.539,32.721],[9.069,32.629],[9.024,32.621],[9.001,32.701],[8.933,32.93],[8.839,33.313],[8.83,33.449],[8.834,33.517],[8.832,33.517],[8.92,33.531],[8.923,33.531],[9.005,33.449],[9.15,33.381],[9.363,33.101],[9.756,32.895],[9.923,32.81]]]]}},{"type":"Feature","properties":{"id":"TN636","del_fr":"Faouar","del_ar":"\u0627\u0644\u0641\u0648\u0627\u0631","gouv_id":"TN63","gouv_fr":"Kebili","gouv_ar":"\u0642\u0628\u0644\u064a"},"geometry":{"type":"MultiPolygon","coordinates":[[[[8.576,33.752],[8.788,33.535],[8.847,33.52],[8.832,33.517],[8.834,33.517],[8.83,33.449],[8.839,33.313],[8.933,32.93],[9.001,32.701],[9.024,32.621],[8.364,32.507],[8.323,32.819],[8.12,33.046],[8.122,33.109],[7.888,33.184],[7.857,33.18],[7.84,33.188],[7.732,33.36],[7.737,33.422],[7.874,33.465],[7.935,33.508],[8.155,33.66],[8.188,33.682],[8.316,33.765],[8.386,33.809],[8.386,33.809],[8.576,33.752]]]]}},{"type":"Feature","properties":{"id":"TN431","del_fr":"Sidi Bouzid Ouest","del_ar":"\u0633\u064a\u062f\u064a \u0628\u0648\u0632\u064a\u062f \u0627\u0644\u063a\u0631\u0628\u064a\u0629","gouv_id":"TN43","gouv_fr":"Sidi Bouzid","gouv_ar":"\u0633\u064a\u062f\u064a \u0628\u0648\u0632\u064a\u062f"},"geometry":{"type":"MultiPolygon","coordinates":[[[[9.484,34.864],[9.452,34.822],[9.411,34.797],[9.396,34.85],[9.335,34.879],[9.327,34.901],[9.397,34.933],[9.358,35.015],[9.292,35.027],[9.292,35.027],[9.296,35.032],[9.363,35.119],[9.374,35.178],[9.374,35.178],[9.416,35.177],[9.416,35.177],[9.432,35.144],[9.502,35.147],[9.497,35.093],[9.476,35.083],[9.471,35.068],[9.515,35.065],[9.515,35.043],[9.475,35.043],[9.471,34.979],[9.453,34.965],[9.484,34.864]]]]}},{"type":"Feature","properties":{"id":"TN436","del_fr":"Sidi Ali Ben Aoun","del_ar":"\u0633\u064a\u062f\u064a \u0639\u0644\u064a \u0628\u0648\u0639\u0648\u0646","gouv_id":"TN43","gouv_fr":"Sidi Bouzid","gouv_ar":"\u0633\u064a\u062f\u064a \u0628\u0648\u0632\u064a\u062f"},"geometry":{"type":"MultiPolygon","coordinates":[[[[9.135,34.708],[9.066,34.679],[8.99,34.724],[8.949,34.747],[8.917,34.804],[8.917,34.804],[9.058,34.865],[9.066,34.883],[9.027,34.898],[9.049,34.948],[9.094,34.97],[9.094,34.97],[9.123,34.915],[9.236,34.908],[9.236,34.897],[9.222,34.84],[9.257,34.829],[9.279,34.801],[9.333,34.731],[9.326,34.729],[9.285,34.684],[9.209,34.708],[9.146,34.708],[9.135,34.708]]]]}},{"type":"Feature","properties":{"id":"TN437","del_fr":"Menzel Bouzaine","del_ar":"\u0645\u0646\u0632\u0644 \u0628\u0648\u0632\u064a\u0627\u0646","gouv_id":"TN43","gouv_fr":"Sidi Bouzid","gouv_ar":"\u0633\u064a\u062f\u064a \u0628\u0648\u0632\u064a\u062f"},"geometry":{"type":"MultiPolygon","coordinates":[[[[9.326,34.729],[9.461,34.779],[9.53,34.76],[9.513,34.75],[9.564,34.678],[9.508,34.657],[9.503,34.628],[9.525,34.589],[9.512,34.571],[9.481,34.571],[9.477,34.521],[9.446,34.517],[9.464,34.487],[9.433,34.485],[9.347,34.511],[9.346,34.51],[9.334,34.564],[9.278,34.575],[9.252,34.582],[9.296,34.629],[9.291,34.682],[9.285,34.684],[9.326,34.729]]]]}},{"type":"Feature","properties":{"id":"TN434","del_fr":"Cebalit Ouled Asker","del_ar":"\u0633\u0628\u0627\u0644\u0629 \u0627\u0648\u0644\u0627\u062f \u0639\u0633\u0643\u0631","gouv_id":"TN43","gouv_fr":"Sidi Bouzid","gouv_ar":"\u0633\u064a\u062f\u064a \u0628\u0648\u0632\u064a\u062f"},"geometry":{"type":"MultiPolygon","coordinates":[[[[9.198,35.367],[9.263,35.323],[9.333,35.251],[9.38,35.215],[9.374,35.178],[9.363,35.119],[9.333,35.08],[9.258,35.123],[9.237,35.191],[9.263,35.216],[9.163,35.298],[9.198,35.367],[9.198,35.367]]]]}},{"type":"Feature","properties":{"id":"TN435","del_fr":"Bir Elhfay","del_ar":"\u0628\u0626\u0631 \u0627\u0644\u062d\u0641\u064a","gouv_id":"TN43","gouv_fr":"Sidi Bouzid","gouv_ar":"\u0633\u064a\u062f\u064a \u0628\u0648\u0632\u064a\u062f"},"geometry":{"type":"MultiPolygon","coordinates":[[[[9.396,34.85],[9.42,34.764],[9.333,34.731],[9.279,34.801],[9.257,34.829],[9.222,34.84],[9.236,34.897],[9.236,34.908],[9.123,34.915],[9.094,34.97],[9.094,34.97],[9.171,35.008],[9.288,35.022],[9.292,35.027],[9.292,35.027],[9.358,35.015],[9.397,34.933],[9.327,34.901],[9.335,34.879],[9.396,34.85]]]]}},{"type":"Feature","properties":{"id":"TN33A","del_fr":"Sidi Alouane","del_ar":"\u0633\u064a\u062f\u064a \u0639\u0644\u0648\u0627\u0646","gouv_id":"TN33","gouv_fr":"Mahdia","gouv_ar":"\u0627\u0644\u0645\u0647\u062f\u064a\u0629"},"geometry":{"type":"MultiPolygon","coordinates":[[[[10.897,35.183],[10.848,35.166],[10.819,35.208],[10.808,35.254],[10.851,35.265],[10.847,35.291],[10.824,35.315],[10.791,35.402],[10.791,35.402],[10.813,35.396],[10.863,35.428],[10.893,35.4],[10.959,35.39],[10.953,35.343],[10.936,35.347],[10.933,35.326],[10.953,35.32],[10.94,35.265],[10.948,35.252],[10.944,35.251],[10.907,35.197],[10.897,35.183]]]]}},{"type":"Feature","properties":{"id":"TN33B","del_fr":"Ksour Essef","del_ar":"\u0642\u0635\u0648\u0631 \u0627\u0644\u0633\u0627\u0641","gouv_id":"TN33","gouv_fr":"Mahdia","gouv_ar":"\u0627\u0644\u0645\u0647\u062f\u064a\u0629"},"geometry":{"type":"MultiPolygon","coordinates":[[[[10.951,35.253],[10.948,35.252],[10.94,35.265],[10.953,35.32],[10.933,35.326],[10.936,35.347],[10.953,35.343],[10.959,35.39],[10.893,35.4],[10.863,35.428],[10.864,35.429],[10.897,35.45],[10.928,35.458],[10.949,35.454],[10.98,35.468],[11.006,35.45],[11.045,35.441],[11.017,35.372],[11.072,35.296],[11.089,35.287],[11.017,35.282],[10.984,35.267],[10.951,35.253]]]]}},{"type":"Feature","properties":{"id":"TN139","del_fr":"Megrine","del_ar":"\u0645\u0642\u0631\u064a\u0646","gouv_id":"TN13","gouv_fr":"Ben Arous","gouv_ar":"\u0628\u0646 \u0639\u0631\u0648\u0633"},"geometry":{"type":"MultiPolygon","coordinates":[[[[10.212,36.773],[10.209,36.775],[10.22,36.787],[10.234,36.806],[10.234,36.806],[10.237,36.806],[10.237,36.806],[10.247,36.791],[10.259,36.77],[10.242,36.756],[10.242,36.756],[10.24,36.757],[10.223,36.767],[10.212,36.773]]]]}},{"type":"Feature","properties":{"id":"TN634","del_fr":"Douz Nord","del_ar":"\u062f\u0648\u0632 \u0627\u0644\u0634\u0645\u0627\u0644\u064a\u0629","gouv_id":"TN63","gouv_fr":"Kebili","gouv_ar":"\u0642\u0628\u0644\u064a"},"geometry":{"type":"MultiPolygon","coordinates":[[[[9.539,33.636],[9.623,33.603],[9.544,33.53],[9.518,33.519],[9.518,33.501],[9.633,33.429],[9.666,33.347],[9.713,33.307],[9.723,33.3],[9.823,33.221],[9.925,33.209],[9.911,33.088],[9.885,33.073],[9.91,33.027],[10.011,32.974],[9.948,32.969],[9.956,32.894],[9.977,32.854],[9.923,32.81],[9.756,32.895],[9.363,33.101],[9.15,33.381],[9.005,33.449],[8.923,33.531],[9.215,33.524],[9.305,33.527],[9.399,33.584],[9.497,33.57],[9.539,33.636]]]]}},{"type":"Feature","properties":{"id":"TN23A","del_fr":"Dahmani","del_ar":"\u0627\u0644\u062f\u0647\u0645\u0627\u0646\u064a","gouv_id":"TN23","gouv_fr":"Le kef","gouv_ar":"\u0627\u0644\u0643\u0627\u0641"},"geometry":{"type":"MultiPolygon","coordinates":[[[[8.978,35.968],[8.937,35.942],[8.959,35.882],[8.955,35.871],[8.871,35.946],[8.863,35.928],[8.88,35.857],[8.81,35.788],[8.813,35.761],[8.784,35.771],[8.718,35.774],[8.692,35.784],[8.692,35.784],[8.74,35.817],[8.713,35.885],[8.735,35.921],[8.704,35.989],[8.699,36.067],[8.752,36.089],[8.758,36.107],[8.796,36.042],[8.827,36.043],[8.831,36.068],[8.858,36.071],[8.884,36.05],[8.906,36.064],[8.937,36.057],[8.968,35.993],[8.978,35.968]]]]}},{"type":"Feature","properties":{"id":"TN23B","del_fr":"Es Seres","del_ar":"\u0627\u0644\u0633\u0631\u0633","gouv_id":"TN23","gouv_fr":"Le kef","gouv_ar":"\u0627\u0644\u0643\u0627\u0641"},"geometry":{"type":"MultiPolygon","coordinates":[[[[8.994,36.132],[9.024,36.169],[9.024,36.169],[9.071,36.139],[9.151,36.084],[9.156,36.035],[9.159,35.998],[9.131,35.979],[9.114,35.967],[9.089,35.945],[9.089,35.945],[9.091,35.95],[9.061,35.957],[8.99,35.975],[8.978,35.968],[8.968,35.993],[8.937,36.057],[8.906,36.064],[8.884,36.05],[8.858,36.071],[8.831,36.068],[8.827,36.043],[8.796,36.042],[8.758,36.107],[8.761,36.118],[8.831,36.114],[8.889,36.136],[8.946,36.1],[8.994,36.132]]]]}},{"type":"Feature","properties":{"id":"TN121","del_fr":"Ariana Ville","del_ar":"\u0623\u0631\u064a\u0627\u0646\u0629 \u0627\u0644\u0645\u062f\u064a\u0646\u0629","gouv_id":"TN12","gouv_fr":"Ariana","gouv_ar":"\u0623\u0631\u064a\u0627\u0646\u0629"},"geometry":{"type":"MultiPolygon","coordinates":[[[[10.185,36.844],[10.168,36.841],[10.143,36.855],[10.144,36.874],[10.152,36.893],[10.17,36.887],[10.205,36.862],[10.206,36.85],[10.187,36.85],[10.185,36.844]]]]}},{"type":"Feature","properties":{"id":"TN344","del_fr":"Sakiet Eddair","del_ar":"\u0633\u0627\u0642\u064a\u0629 \u0627\u0644\u062f\u0627\u0626\u0631","gouv_id":"TN34","gouv_fr":"Sfax","gouv_ar":"\u0635\u0641\u0627\u0642\u0633"},"geometry":{"type":"MultiPolygon","coordinates":[[[[10.813,34.916],[10.821,34.896],[10.87,34.869],[10.893,34.838],[10.882,34.812],[10.829,34.788],[10.803,34.749],[10.779,34.777],[10.778,34.777],[10.78,34.824],[10.769,34.896],[10.787,34.92],[10.813,34.916],[10.813,34.916]]]]}},{"type":"Feature","properties":{"id":"TN345","del_fr":"Sfax Sud","del_ar":"\u0635\u0641\u0627\u0642\u0633 \u0627\u0644\u062c\u0646\u0648\u0628\u064a\u0629","gouv_id":"TN34","gouv_fr":"Sfax","gouv_ar":"\u0635\u0641\u0627\u0642\u0633"},"geometry":{"type":"MultiPolygon","coordinates":[[[[10.648,34.733],[10.624,34.812],[10.586,34.837],[10.601,34.862],[10.584,34.896],[10.65,34.911],[10.679,34.953],[10.679,34.953],[10.711,34.921],[10.712,34.878],[10.733,34.819],[10.753,34.779],[10.749,34.779],[10.732,34.767],[10.707,34.75],[10.69,34.745],[10.648,34.733]]]]}},{"type":"Feature","properties":{"id":"TN135","del_fr":"Hammam Ch\u00f4tt","del_ar":"\u062d\u0645\u0627\u0645 \u0627\u0644\u0634\u0637","gouv_id":"TN13","gouv_fr":"Ben Arous","gouv_ar":"\u0628\u0646 \u0639\u0631\u0648\u0633"},"geometry":{"type":"MultiPolygon","coordinates":[[[[10.351,36.654],[10.352,36.737],[10.421,36.715],[10.417,36.695],[10.417,36.691],[10.38,36.648],[10.351,36.654]]]]}},{"type":"Feature","properties":{"id":"TN347","del_fr":"Agareb","del_ar":"\u0639\u0642\u0627\u0631\u0628","gouv_id":"TN34","gouv_fr":"Sfax","gouv_ar":"\u0635\u0641\u0627\u0642\u0633"},"geometry":{"type":"MultiPolygon","coordinates":[[[[10.356,34.608],[10.334,34.6],[10.288,34.69],[10.323,34.711],[10.286,34.819],[10.309,34.905],[10.585,34.837],[10.624,34.812],[10.648,34.732],[10.604,34.69],[10.642,34.643],[10.658,34.628],[10.648,34.626],[10.616,34.593],[10.543,34.652],[10.508,34.66],[10.465,34.675],[10.387,34.633],[10.367,34.617],[10.356,34.608]]]]}},{"type":"Feature","properties":{"id":"TN133","del_fr":"El Mourouj","del_ar":"\u0627\u0644\u0645\u0631\u0648\u062c","gouv_id":"TN13","gouv_fr":"Ben Arous","gouv_ar":"\u0628\u0646 \u0639\u0631\u0648\u0633"},"geometry":{"type":"MultiPolygon","coordinates":[[[[10.208,36.746],[10.228,36.734],[10.248,36.711],[10.247,36.709],[10.219,36.7],[10.201,36.696],[10.19,36.723],[10.189,36.723],[10.204,36.739],[10.208,36.746],[10.208,36.746]]]]}},{"type":"Feature","properties":{"id":"TN341","del_fr":"Sfax Ville","del_ar":"\u0635\u0641\u0627\u0642\u0633 \u0627\u0644\u0645\u062f\u064a\u0646\u0629","gouv_id":"TN34","gouv_fr":"Sfax","gouv_ar":"\u0635\u0641\u0627\u0642\u0633"},"geometry":{"type":"MultiPolygon","coordinates":[[[[10.749,34.779],[10.779,34.777],[10.803,34.749],[10.757,34.681],[10.722,34.714],[10.753,34.751],[10.732,34.767],[10.732,34.767],[10.749,34.779]]]]}},{"type":"Feature","properties":{"id":"TN229","del_fr":"Balta Bou Aouane","del_ar":"\u0628\u0644\u0637\u0629 \u0628\u0648\u0639\u0648\u0627\u0646","gouv_id":"TN22","gouv_fr":"Jandouba","gouv_ar":"\u062c\u0646\u062f\u0648\u0628\u0629"},"geometry":{"type":"MultiPolygon","coordinates":[[[[8.822,36.71],[8.867,36.721],[8.919,36.796],[8.922,36.795],[8.918,36.777],[9.011,36.773],[9.029,36.741],[9.024,36.666],[9.025,36.665],[9.018,36.66],[9.004,36.622],[8.936,36.608],[8.92,36.656],[8.842,36.624],[8.825,36.617],[8.814,36.606],[8.776,36.64],[8.822,36.71]]]]}},{"type":"Feature","properties":{"id":"TN343","del_fr":"Sakiet Ezzit","del_ar":"\u0633\u0627\u0642\u064a\u0629 \u0627\u0644\u0632\u064a\u062a","gouv_id":"TN34","gouv_fr":"Sfax","gouv_ar":"\u0635\u0641\u0627\u0642\u0633"},"geometry":{"type":"MultiPolygon","coordinates":[[[[10.765,34.92],[10.78,34.824],[10.778,34.777],[10.753,34.779],[10.733,34.819],[10.712,34.878],[10.711,34.921],[10.679,34.953],[10.679,34.953],[10.689,34.966],[10.689,34.966],[10.765,34.92]]]]}},{"type":"Feature","properties":{"id":"TN227","del_fr":"Ghardimaou","del_ar":"\u063a\u0627\u0631 \u0627\u0644\u062f\u0645\u0627\u0621","gouv_id":"TN22","gouv_fr":"Jandouba","gouv_ar":"\u062c\u0646\u062f\u0648\u0628\u0629"},"geometry":{"type":"MultiPolygon","coordinates":[[[[8.517,36.597],[8.518,36.58],[8.513,36.569],[8.513,36.569],[8.485,36.528],[8.525,36.478],[8.498,36.475],[8.49,36.428],[8.543,36.407],[8.534,36.379],[8.441,36.346],[8.381,36.346],[8.397,36.396],[8.37,36.439],[8.18,36.438],[8.148,36.481],[8.298,36.535],[8.436,36.623],[8.467,36.616],[8.48,36.606],[8.504,36.612],[8.517,36.597]]]]}},{"type":"Feature","properties":{"id":"TN226","del_fr":"Fernana","del_ar":"\u0641\u0631\u0646\u0627\u0646\u0629","gouv_id":"TN22","gouv_fr":"Jandouba","gouv_ar":"\u062c\u0646\u062f\u0648\u0628\u0629"},"geometry":{"type":"MultiPolygon","coordinates":[[[[8.829,36.711],[8.822,36.71],[8.776,36.64],[8.814,36.606],[8.785,36.577],[8.741,36.563],[8.727,36.595],[8.638,36.581],[8.627,36.6],[8.556,36.607],[8.518,36.585],[8.517,36.597],[8.504,36.612],[8.48,36.606],[8.467,36.616],[8.436,36.623],[8.44,36.625],[8.467,36.693],[8.567,36.7],[8.573,36.723],[8.618,36.725],[8.629,36.679],[8.66,36.674],[8.673,36.731],[8.733,36.742],[8.829,36.711]]]]}},{"type":"Feature","properties":{"id":"TN225","del_fr":"Ain Drahem","del_ar":"\u0639\u064a\u0646 \u062f\u0631\u0627\u0647\u0645","gouv_id":"TN22","gouv_fr":"Jandouba","gouv_ar":"\u062c\u0646\u062f\u0648\u0628\u0629"},"geometry":{"type":"MultiPolygon","coordinates":[[[[8.919,36.796],[8.867,36.721],[8.829,36.711],[8.733,36.742],[8.673,36.731],[8.66,36.674],[8.629,36.679],[8.618,36.725],[8.573,36.723],[8.567,36.7],[8.467,36.693],[8.47,36.701],[8.434,36.765],[8.603,36.78],[8.674,36.827],[8.638,36.869],[8.651,36.913],[8.717,36.905],[8.7,36.852],[8.789,36.845],[8.811,36.856],[8.855,36.866],[8.878,36.859],[8.878,36.816],[8.919,36.796]]]]}},{"type":"Feature","properties":{"id":"TN224","del_fr":"Tabarka","del_ar":"\u0637\u0628\u0631\u0642\u0629","gouv_id":"TN22","gouv_fr":"Jandouba","gouv_ar":"\u062c\u0646\u062f\u0648\u0628\u0629"},"geometry":{"type":"MultiPolygon","coordinates":[[[[8.926,36.926],[9.009,36.889],[8.987,36.857],[8.947,36.835],[8.919,36.796],[8.878,36.816],[8.878,36.859],[8.855,36.866],[8.811,36.856],[8.789,36.845],[8.7,36.852],[8.717,36.905],[8.651,36.913],[8.665,36.959],[8.78,36.959],[8.872,37.013],[8.933,36.96],[8.926,36.926]]]]}},{"type":"Feature","properties":{"id":"TN348","del_fr":"Djbeniana","del_ar":"\u062c\u0628\u0646\u064a\u0627\u0646\u0629","gouv_id":"TN34","gouv_fr":"Sfax","gouv_ar":"\u0635\u0641\u0627\u0642\u0633"},"geometry":{"type":"MultiPolygon","coordinates":[[[[10.846,35.027],[10.784,35.083],[10.802,35.122],[10.851,35.161],[10.848,35.166],[10.897,35.183],[10.907,35.197],[10.907,35.197],[10.936,35.176],[10.922,35.14],[11.03,35.09],[11.004,35.029],[10.984,35.004],[10.891,35.031],[10.846,35.027]]]]}},{"type":"Feature","properties":{"id":"TN349","del_fr":"EL Amra","del_ar":"\u0627\u0644\u0639\u0627\u0645\u0631\u0629","gouv_id":"TN34","gouv_fr":"Sfax","gouv_ar":"\u0635\u0641\u0627\u0642\u0633"},"geometry":{"type":"MultiPolygon","coordinates":[[[[10.794,34.963],[10.808,35.006],[10.869,34.992],[10.869,35.007],[10.846,35.027],[10.891,35.031],[10.984,35.004],[10.937,34.947],[10.893,34.838],[10.87,34.869],[10.821,34.896],[10.813,34.916],[10.794,34.963]]]]}},{"type":"Feature","properties":{"id":"TN221","del_fr":"Jendouba","del_ar":"\u062c\u0646\u062f\u0648\u0628\u0629","gouv_id":"TN22","gouv_fr":"Jandouba","gouv_ar":"\u062c\u0646\u062f\u0648\u0628\u0629"},"geometry":{"type":"MultiPolygon","coordinates":[[[[8.884,36.582],[8.898,36.576],[8.907,36.502],[8.937,36.448],[8.878,36.419],[8.759,36.394],[8.688,36.419],[8.685,36.418],[8.673,36.459],[8.73,36.466],[8.798,36.527],[8.836,36.535],[8.884,36.582],[8.884,36.582]]]]}},{"type":"Feature","properties":{"id":"TN138","del_fr":"Rad\u00e8s","del_ar":"\u0631\u0627\u062f\u0633","gouv_id":"TN13","gouv_fr":"Ben Arous","gouv_ar":"\u0628\u0646 \u0639\u0631\u0648\u0633"},"geometry":{"type":"MultiPolygon","coordinates":[[[[10.237,36.806],[10.255,36.806],[10.26,36.807],[10.261,36.807],[10.307,36.814],[10.28,36.777],[10.301,36.765],[10.28,36.745],[10.242,36.755],[10.242,36.756],[10.259,36.77],[10.247,36.791],[10.237,36.806],[10.237,36.806]]]]}},{"type":"Feature","properties":{"id":"TN322","del_fr":"Werdanine","del_ar":"\u0627\u0644\u0648\u0631\u062f\u0627\u0646\u064a\u0646","gouv_id":"TN32","gouv_fr":"Monastir","gouv_ar":"\u0635\u064a\u0627\u062f\u0629 \u0644\u0645\u0637\u0629 \u0628\u0648\u062d\u062c\u0631"},"geometry":{"type":"MultiPolygon","coordinates":[[[[10.639,35.728],[10.643,35.746],[10.675,35.747],[10.673,35.74],[10.677,35.721],[10.691,35.726],[10.721,35.702],[10.717,35.7],[10.707,35.675],[10.711,35.673],[10.694,35.661],[10.649,35.674],[10.653,35.68],[10.64,35.692],[10.639,35.728]]]]}},{"type":"Feature","properties":{"id":"TN174","del_fr":"Sedjnene","del_ar":"\u0633\u062c\u0646\u0627\u0646","gouv_id":"TN17","gouv_fr":"Bizerte","gouv_ar":"\u0628\u0646\u0632\u0631\u062a"},"geometry":{"type":"MultiPolygon","coordinates":[[[[9.217,37.004],[9.189,37.052],[9.109,37.049],[9.087,37.093],[9.098,37.124],[9.079,37.149],[9.205,37.246],[9.241,37.242],[9.249,37.22],[9.29,37.231],[9.348,37.238],[9.424,37.281],[9.477,37.267],[9.498,37.193],[9.386,37.134],[9.363,37.036],[9.353,37.034],[9.279,37.02],[9.217,37.004]]]]}},{"type":"Feature","properties":{"id":"TN34D","del_fr":"Bir Ali Ben khlifa","del_ar":"\u0628\u0626\u0631 \u0639\u0644\u064a \u0628\u0646 \u062e\u0644\u064a\u0641\u0629","gouv_id":"TN34","gouv_fr":"Sfax","gouv_ar":"\u0635\u0641\u0627\u0642\u0633"},"geometry":{"type":"MultiPolygon","coordinates":[[[[10.293,34.847],[10.286,34.819],[10.323,34.711],[10.288,34.69],[10.334,34.6],[10.291,34.584],[10.244,34.617],[10.1,34.557],[10.074,34.529],[10.067,34.524],[9.985,34.546],[9.951,34.589],[9.895,34.607],[9.909,34.729],[9.972,34.878],[10.06,34.985],[10.063,35.013],[10.11,34.996],[10.079,34.968],[10.121,34.874],[10.173,34.853],[10.23,34.856],[10.293,34.847]]]]}},{"type":"Feature","properties":{"id":"TN34E","del_fr":"Skhira","del_ar":"\u0627\u0644\u0635\u062e\u064a\u0631\u0629","gouv_id":"TN34","gouv_fr":"Sfax","gouv_ar":"\u0635\u0641\u0627\u0642\u0633"},"geometry":{"type":"MultiPolygon","coordinates":[[[[9.921,34.208],[9.915,34.174],[9.873,34.205],[9.852,34.248],[9.822,34.255],[9.818,34.223],[9.749,34.241],[9.708,34.291],[9.708,34.291],[9.726,34.291],[9.756,34.291],[9.739,34.327],[9.765,34.359],[9.873,34.373],[9.947,34.458],[9.982,34.472],[10.067,34.524],[10.114,34.512],[10.135,34.43],[10.169,34.426],[10.206,34.359],[10.151,34.342],[10.046,34.172],[9.981,34.197],[9.964,34.218],[9.921,34.208]]]]}},{"type":"Feature","properties":{"id":"TN34F","del_fr":"Mahres","del_ar":"\u0627\u0644\u0645\u062d\u0631\u0633","gouv_id":"TN34","gouv_fr":"Sfax","gouv_ar":"\u0635\u0641\u0627\u0642\u0633"},"geometry":{"type":"MultiPolygon","coordinates":[[[[10.367,34.617],[10.387,34.633],[10.465,34.675],[10.508,34.66],[10.543,34.652],[10.616,34.593],[10.556,34.531],[10.443,34.493],[10.329,34.397],[10.296,34.387],[10.276,34.451],[10.311,34.515],[10.363,34.536],[10.367,34.617],[10.367,34.617]]]]}},{"type":"Feature","properties":{"id":"TN34G","del_fr":"Kerkenah","del_ar":"\u0642\u0631\u0642\u0646\u0629","gouv_id":"TN34","gouv_fr":"Sfax","gouv_ar":"\u0635\u0641\u0627\u0642\u0633"},"geometry":{"type":"MultiPolygon","coordinates":[[[[11.325,34.765],[11.347,34.747],[11.167,34.675],[11.057,34.613],[10.967,34.643],[11.011,34.681],[11.098,34.68],[11.164,34.715],[11.2,34.771],[11.239,34.763],[11.248,34.774],[11.236,34.831],[11.297,34.834],[11.325,34.765]]]]}},{"type":"Feature","properties":{"id":"TN13C","del_fr":"Mornag","del_ar":"\u0645\u0631\u0646\u0627\u0642","gouv_id":"TN13","gouv_fr":"Ben Arous","gouv_ar":"\u0628\u0646 \u0639\u0631\u0648\u0633"},"geometry":{"type":"MultiPolygon","coordinates":[[[[10.351,36.698],[10.351,36.654],[10.38,36.648],[10.378,36.645],[10.34,36.587],[10.346,36.58],[10.364,36.583],[10.375,36.579],[10.381,36.561],[10.343,36.513],[10.349,36.48],[10.311,36.465],[10.271,36.446],[10.244,36.454],[10.269,36.503],[10.219,36.52],[10.182,36.515],[10.151,36.569],[10.152,36.644],[10.223,36.669],[10.253,36.72],[10.256,36.723],[10.298,36.693],[10.332,36.702],[10.351,36.698]]]]}},{"type":"Feature","properties":{"id":"TN34A","del_fr":"El Hencha","del_ar":"\u0627\u0644\u062d\u0646\u0634\u0629","gouv_id":"TN34","gouv_fr":"Sfax","gouv_ar":"\u0635\u0641\u0627\u0642\u0633"},"geometry":{"type":"MultiPolygon","coordinates":[[[[10.769,34.896],[10.765,34.92],[10.689,34.966],[10.689,34.966],[10.699,34.98],[10.713,35.03],[10.649,35.085],[10.594,35.261],[10.594,35.261],[10.594,35.264],[10.642,35.269],[10.724,35.231],[10.777,35.28],[10.801,35.281],[10.819,35.208],[10.851,35.161],[10.802,35.122],[10.784,35.083],[10.869,35.007],[10.869,34.992],[10.808,35.006],[10.794,34.963],[10.813,34.916],[10.813,34.916],[10.787,34.92],[10.769,34.896]]]]}},{"type":"Feature","properties":{"id":"TN34B","del_fr":"Menzel Chaker","del_ar":"\u0645\u0646\u0632\u0644 \u0634\u0627\u0643\u0631","gouv_id":"TN34","gouv_fr":"Sfax","gouv_ar":"\u0635\u0641\u0627\u0642\u0633"},"geometry":{"type":"MultiPolygon","coordinates":[[[[10.585,34.837],[10.309,34.905],[10.293,34.847],[10.23,34.856],[10.173,34.853],[10.121,34.874],[10.079,34.968],[10.11,34.996],[10.063,35.013],[10.065,35.028],[10.065,35.071],[10.197,35.17],[10.302,35.147],[10.35,35.154],[10.432,35.106],[10.533,35.17],[10.572,35.18],[10.573,35.234],[10.573,35.234],[10.594,35.261],[10.649,35.085],[10.713,35.03],[10.699,34.98],[10.689,34.966],[10.679,34.953],[10.65,34.911],[10.584,34.896],[10.601,34.862],[10.586,34.837],[10.585,34.837]]]]}},{"type":"Feature","properties":{"id":"TN34C","del_fr":"Ghraiba","del_ar":"\u0627\u0644\u063a\u0631\u064a\u0628\u0629","gouv_id":"TN34","gouv_fr":"Sfax","gouv_ar":"\u0635\u0641\u0627\u0642\u0633"},"geometry":{"type":"MultiPolygon","coordinates":[[[[10.296,34.387],[10.206,34.359],[10.169,34.426],[10.135,34.43],[10.114,34.512],[10.067,34.524],[10.074,34.529],[10.1,34.557],[10.244,34.617],[10.291,34.584],[10.356,34.608],[10.367,34.617],[10.367,34.617],[10.363,34.536],[10.311,34.515],[10.276,34.451],[10.296,34.387]]]]}},{"type":"Feature","properties":{"id":"TN11B","del_fr":"Sijoumi","del_ar":"\u0627\u0644\u0633\u064a\u062c\u0648\u0645\u064a","gouv_id":"TN11","gouv_fr":"Tunis","gouv_ar":"\u062a\u0648\u0646\u0633"},"geometry":{"type":"MultiPolygon","coordinates":[[[[10.148,36.761],[10.139,36.79],[10.146,36.792],[10.148,36.794],[10.154,36.798],[10.162,36.801],[10.166,36.792],[10.168,36.792],[10.169,36.783],[10.175,36.773],[10.175,36.772],[10.167,36.766],[10.167,36.767],[10.148,36.761]]]]}},{"type":"Feature","properties":{"id":"TN331","del_fr":"Mahdia","del_ar":"\u0627\u0644\u0645\u0647\u062f\u064a\u0629","gouv_id":"TN33","gouv_fr":"Mahdia","gouv_ar":"\u0627\u0644\u0645\u0647\u062f\u064a\u0629"},"geometry":{"type":"MultiPolygon","coordinates":[[[[10.829,35.439],[10.849,35.477],[10.909,35.51],[10.942,35.546],[10.98,35.542],[11.006,35.553],[11.04,35.544],[11.069,35.503],[11.055,35.464],[11.045,35.441],[11.006,35.45],[10.98,35.468],[10.949,35.454],[10.928,35.458],[10.897,35.45],[10.865,35.43],[10.829,35.439],[10.829,35.439]]]]}},{"type":"Feature","properties":{"id":"TN239","del_fr":"Elksour","del_ar":"\u0627\u0644\u0642\u0635\u0648\u0631","gouv_id":"TN23","gouv_fr":"Le kef","gouv_ar":"\u0627\u0644\u0643\u0627\u0641"},"geometry":{"type":"MultiPolygon","coordinates":[[[[8.937,35.942],[8.99,35.975],[9.061,35.957],[9.091,35.95],[9.089,35.945],[9.052,35.871],[9.021,35.832],[9.043,35.778],[9.043,35.778],[9.012,35.764],[9.043,35.685],[9.003,35.706],[8.991,35.696],[8.924,35.724],[8.813,35.761],[8.81,35.788],[8.88,35.857],[8.863,35.928],[8.871,35.946],[8.955,35.871],[8.959,35.882],[8.937,35.942]]]]}},{"type":"Feature","properties":{"id":"TN333","del_fr":"Ouled Chamekh","del_ar":"\u0627\u0648\u0644\u0627\u062f \u0634\u0627\u0645\u062e","gouv_id":"TN33","gouv_fr":"Mahdia","gouv_ar":"\u0627\u0644\u0645\u0647\u062f\u064a\u0629"},"geometry":{"type":"MultiPolygon","coordinates":[[[[10.465,35.44],[10.433,35.457],[10.415,35.425],[10.41,35.389],[10.393,35.379],[10.391,35.373],[10.338,35.398],[10.225,35.38],[10.192,35.442],[10.192,35.442],[10.195,35.453],[10.261,35.498],[10.216,35.562],[10.311,35.591],[10.36,35.518],[10.41,35.521],[10.452,35.501],[10.465,35.44]]]]}},{"type":"Feature","properties":{"id":"TN332","del_fr":"Bou Merd\u00e8s","del_ar":"\u0628\u0648\u0645\u0631\u062f\u0627\u0633","gouv_id":"TN33","gouv_fr":"Mahdia","gouv_ar":"\u0627\u0644\u0645\u0647\u062f\u064a\u0629"},"geometry":{"type":"MultiPolygon","coordinates":[[[[10.78,35.405],[10.745,35.388],[10.71,35.386],[10.709,35.361],[10.67,35.359],[10.61,35.44],[10.564,35.423],[10.564,35.448],[10.618,35.483],[10.67,35.493],[10.679,35.475],[10.731,35.484],[10.731,35.484],[10.781,35.434],[10.826,35.433],[10.829,35.439],[10.829,35.439],[10.865,35.43],[10.864,35.429],[10.863,35.428],[10.813,35.396],[10.791,35.402],[10.78,35.405]]]]}},{"type":"Feature","properties":{"id":"TN335","del_fr":"Hebira","del_ar":"\u0647\u0628\u064a\u0631\u0629","gouv_id":"TN33","gouv_fr":"Mahdia","gouv_ar":"\u0627\u0644\u0645\u0647\u062f\u064a\u0629"},"geometry":{"type":"MultiPolygon","coordinates":[[[[10.32,35.15],[10.302,35.147],[10.232,35.162],[10.22,35.212],[10.216,35.218],[10.181,35.266],[10.209,35.335],[10.185,35.357],[10.17,35.368],[10.192,35.442],[10.192,35.442],[10.225,35.38],[10.338,35.398],[10.391,35.373],[10.384,35.355],[10.349,35.366],[10.333,35.336],[10.296,35.336],[10.287,35.322],[10.275,35.272],[10.353,35.214],[10.339,35.189],[10.32,35.15]]]]}},{"type":"Feature","properties":{"id":"TN334","del_fr":"Chorb\u00e8ne","del_ar":"\u0634\u0631\u0628\u0627\u0646","gouv_id":"TN33","gouv_fr":"Mahdia","gouv_ar":"\u0627\u0644\u0645\u0647\u062f\u064a\u0629"},"geometry":{"type":"MultiPolygon","coordinates":[[[[10.491,35.278],[10.573,35.234],[10.572,35.18],[10.533,35.17],[10.432,35.106],[10.35,35.154],[10.32,35.15],[10.339,35.189],[10.353,35.214],[10.275,35.272],[10.287,35.322],[10.296,35.336],[10.333,35.336],[10.349,35.366],[10.384,35.355],[10.384,35.354],[10.405,35.332],[10.444,35.292],[10.462,35.349],[10.493,35.349],[10.491,35.278]]]]}},{"type":"Feature","properties":{"id":"TN337","del_fr":"El Djem","del_ar":"\u0627\u0644\u062c\u0645","gouv_id":"TN33","gouv_fr":"Mahdia","gouv_ar":"\u0627\u0644\u0645\u0647\u062f\u064a\u0629"},"geometry":{"type":"MultiPolygon","coordinates":[[[[10.646,35.357],[10.709,35.361],[10.71,35.386],[10.745,35.388],[10.78,35.405],[10.791,35.402],[10.791,35.402],[10.824,35.315],[10.847,35.291],[10.851,35.265],[10.808,35.254],[10.801,35.281],[10.777,35.28],[10.724,35.231],[10.642,35.269],[10.594,35.264],[10.594,35.3],[10.634,35.311],[10.623,35.339],[10.646,35.357]]]]}},{"type":"Feature","properties":{"id":"TN336","del_fr":"Esouassi","del_ar":"\u0627\u0644\u0633\u0648\u0627\u0633\u064a","gouv_id":"TN33","gouv_fr":"Mahdia","gouv_ar":"\u0627\u0644\u0645\u0647\u062f\u064a\u0629"},"geometry":{"type":"MultiPolygon","coordinates":[[[[10.594,35.261],[10.573,35.234],[10.491,35.278],[10.493,35.349],[10.462,35.349],[10.444,35.292],[10.405,35.332],[10.384,35.354],[10.393,35.379],[10.41,35.389],[10.415,35.425],[10.433,35.457],[10.494,35.424],[10.563,35.388],[10.564,35.423],[10.61,35.44],[10.67,35.359],[10.646,35.357],[10.623,35.339],[10.634,35.311],[10.594,35.3],[10.594,35.264],[10.594,35.261],[10.594,35.261]]]]}},{"type":"Feature","properties":{"id":"TN339","del_fr":"Meloulech","del_ar":"\u0645\u0644\u0648\u0644\u0634","gouv_id":"TN33","gouv_fr":"Mahdia","gouv_ar":"\u0627\u0644\u0645\u0647\u062f\u064a\u0629"},"geometry":{"type":"MultiPolygon","coordinates":[[[[10.907,35.197],[10.944,35.251],[10.951,35.253],[10.984,35.267],[10.984,35.267],[10.992,35.223],[11.065,35.171],[11.06,35.164],[11.03,35.09],[10.922,35.14],[10.936,35.176],[10.907,35.197],[10.907,35.197]]]]}},{"type":"Feature","properties":{"id":"TN338","del_fr":"Chebba","del_ar":"\u0627\u0644\u0634\u0627\u0628\u0629","gouv_id":"TN33","gouv_fr":"Mahdia","gouv_ar":"\u0627\u0644\u0645\u0647\u062f\u064a\u0629"},"geometry":{"type":"MultiPolygon","coordinates":[[[[10.984,35.267],[11.017,35.282],[11.089,35.287],[11.167,35.248],[11.175,35.233],[11.092,35.21],[11.065,35.171],[10.992,35.223],[10.984,35.267],[10.984,35.267]]]]}},{"type":"Feature","properties":{"id":"TN232","del_fr":"Kef Est","del_ar":"\u0627\u0644\u0643\u0627\u0641 \u0627\u0644\u0634\u0631\u0642\u064a\u0629","gouv_id":"TN23","gouv_fr":"Le kef","gouv_ar":"\u0627\u0644\u0643\u0627\u0641"},"geometry":{"type":"MultiPolygon","coordinates":[[[[8.844,36.218],[8.99,36.286],[9.03,36.232],[9.043,36.193],[9.024,36.169],[8.994,36.132],[8.946,36.1],[8.889,36.136],[8.831,36.114],[8.761,36.118],[8.758,36.107],[8.752,36.089],[8.739,36.084],[8.703,36.139],[8.708,36.164],[8.716,36.189],[8.726,36.21],[8.726,36.21],[8.734,36.207],[8.818,36.246],[8.844,36.218]]]]}},{"type":"Feature","properties":{"id":"TN233","del_fr":"Nebeur","del_ar":"\u0646\u0628\u0631","gouv_id":"TN23","gouv_fr":"Le kef","gouv_ar":"\u0627\u0644\u0643\u0627\u0641"},"geometry":{"type":"MultiPolygon","coordinates":[[[[8.637,36.239],[8.615,36.225],[8.561,36.271],[8.552,36.321],[8.53,36.367],[8.534,36.379],[8.608,36.404],[8.688,36.419],[8.759,36.394],[8.878,36.419],[8.937,36.448],[8.96,36.406],[8.967,36.332],[8.977,36.28],[8.844,36.218],[8.818,36.246],[8.734,36.207],[8.726,36.21],[8.637,36.239]]]]}},{"type":"Feature","properties":{"id":"TN234","del_fr":"Sakiet Sidi Youssef","del_ar":"\u0633\u0627\u0642\u064a\u0629 \u0633\u064a\u062f\u064a \u064a\u0648\u0633\u0641","gouv_id":"TN23","gouv_fr":"Le kef","gouv_ar":"\u0627\u0644\u0643\u0627\u0641"},"geometry":{"type":"MultiPolygon","coordinates":[[[[8.276,35.951],[8.277,35.959],[8.32,36.081],[8.311,36.16],[8.358,36.271],[8.381,36.346],[8.441,36.346],[8.534,36.379],[8.53,36.367],[8.552,36.321],[8.561,36.271],[8.615,36.225],[8.579,36.203],[8.507,36.107],[8.501,36.099],[8.435,35.984],[8.371,35.971],[8.276,35.951]]]]}},{"type":"Feature","properties":{"id":"TN235","del_fr":"Tajerouine","del_ar":"\u062a\u0627\u062c\u0631\u0648\u064a\u0646","gouv_id":"TN23","gouv_fr":"Le kef","gouv_ar":"\u0627\u0644\u0643\u0627\u0641"},"geometry":{"type":"MultiPolygon","coordinates":[[[[8.735,35.921],[8.714,35.886],[8.621,35.888],[8.603,35.849],[8.542,35.849],[8.55,35.807],[8.511,35.827],[8.401,35.855],[8.383,35.944],[8.371,35.971],[8.371,35.971],[8.435,35.984],[8.501,36.099],[8.507,36.107],[8.507,36.107],[8.567,36.096],[8.602,36.106],[8.673,36.092],[8.708,36.071],[8.699,36.067],[8.704,35.989],[8.735,35.921]]]]}},{"type":"Feature","properties":{"id":"TN236","del_fr":"Kala\u00e2t Snan","del_ar":"\u0642\u0644\u0639\u0629 \u0633\u0646\u0627\u0646","gouv_id":"TN23","gouv_fr":"Le kef","gouv_ar":"\u0627\u0644\u0643\u0627\u0641"},"geometry":{"type":"MultiPolygon","coordinates":[[[[8.276,35.951],[8.371,35.971],[8.371,35.971],[8.383,35.944],[8.401,35.855],[8.511,35.827],[8.55,35.807],[8.56,35.756],[8.45,35.755],[8.433,35.734],[8.424,35.687],[8.419,35.675],[8.403,35.64],[8.394,35.612],[8.354,35.609],[8.346,35.645],[8.271,35.712],[8.261,35.841],[8.276,35.951]]]]}},{"type":"Feature","properties":{"id":"TN237","del_fr":"Kala\u00e2t Khesba","del_ar":"\u0627\u0644\u0642\u0644\u0639\u0629 \u0627\u0644\u062e\u0635\u0628\u0629","gouv_id":"TN23","gouv_fr":"Le kef","gouv_ar":"\u0627\u0644\u0643\u0627\u0641"},"geometry":{"type":"MultiPolygon","coordinates":[[[[8.419,35.675],[8.424,35.687],[8.433,35.734],[8.45,35.755],[8.56,35.756],[8.55,35.807],[8.586,35.788],[8.631,35.723],[8.617,35.702],[8.597,35.652],[8.56,35.652],[8.521,35.673],[8.419,35.675],[8.419,35.675]]]]}},{"type":"Feature","properties":{"id":"TN43B","del_fr":"Rgueb","del_ar":"\u0631\u0642\u0627\u0628","gouv_id":"TN43","gouv_fr":"Sidi Bouzid","gouv_ar":"\u0633\u064a\u062f\u064a \u0628\u0648\u0632\u064a\u062f"},"geometry":{"type":"MultiPolygon","coordinates":[[[[9.666,34.928],[9.718,34.96],[9.854,35.009],[9.919,35.062],[10.063,35.013],[10.06,34.985],[9.972,34.878],[9.909,34.729],[9.901,34.661],[9.851,34.648],[9.811,34.698],[9.759,34.688],[9.725,34.702],[9.725,34.749],[9.691,34.777],[9.63,34.796],[9.666,34.928]]]]}},{"type":"Feature","properties":{"id":"TN43C","del_fr":"Ouled Haffouz","del_ar":"\u0627\u0648\u0644\u0627\u062f \u062d\u0641\u0648\u0632","gouv_id":"TN43","gouv_fr":"Sidi Bouzid","gouv_ar":"\u0633\u064a\u062f\u064a \u0628\u0648\u0632\u064a\u062f"},"geometry":{"type":"MultiPolygon","coordinates":[[[[9.959,35.186],[9.994,35.144],[10.017,35.028],[9.919,35.062],[9.854,35.009],[9.801,34.99],[9.707,35.117],[9.697,35.187],[9.881,35.166],[9.959,35.186],[9.959,35.186]]]]}},{"type":"Feature","properties":{"id":"TN531","del_fr":"Tataouine Nord","del_ar":"\u062a\u0637\u0627\u0648\u064a\u0646 \u0627\u0644\u0634\u0645\u0627\u0644\u064a\u0629","gouv_id":"TN53","gouv_fr":"Tataouine","gouv_ar":"\u062a\u0637\u0627\u0648\u064a\u0646"},"geometry":{"type":"MultiPolygon","coordinates":[[[[10.762,32.462],[10.784,32.498],[10.568,32.49],[10.464,32.578],[10.394,32.59],[10.424,32.732],[10.459,32.803],[10.506,32.828],[10.524,32.888],[10.402,32.94],[10.377,32.952],[10.354,32.99],[10.401,33.022],[10.439,33.007],[10.496,33.082],[10.585,33.092],[10.615,33.109],[10.697,33.102],[10.7,33.076],[10.734,33.075],[10.716,33.04],[10.694,33.015],[10.74,32.989],[10.851,33.002],[10.851,32.984],[10.753,32.96],[10.76,32.907],[10.806,32.892],[10.742,32.86],[10.695,32.807],[10.887,32.683],[10.952,32.574],[11.154,32.353],[11.155,32.313],[10.917,32.303],[10.875,32.318],[10.785,32.448],[10.762,32.462],[10.762,32.462]]]]}},{"type":"Feature","properties":{"id":"TN43A","del_fr":"Mezzouna","del_ar":"\u0645\u0632\u0648\u0646\u0629","gouv_id":"TN43","gouv_fr":"Sidi Bouzid","gouv_ar":"\u0633\u064a\u062f\u064a \u0628\u0648\u0632\u064a\u062f"},"geometry":{"type":"MultiPolygon","coordinates":[[[[9.824,34.641],[9.901,34.661],[9.895,34.607],[9.951,34.589],[9.985,34.546],[10.067,34.524],[9.982,34.472],[9.947,34.458],[9.873,34.373],[9.765,34.359],[9.739,34.327],[9.756,34.291],[9.726,34.291],[9.708,34.291],[9.651,34.288],[9.566,34.283],[9.553,34.352],[9.571,34.356],[9.58,34.384],[9.515,34.403],[9.464,34.487],[9.641,34.499],[9.707,34.609],[9.728,34.62],[9.772,34.612],[9.824,34.641]]]]}},{"type":"Feature","properties":{"id":"TN537","del_fr":"Remeda","del_ar":"\u0631\u0645\u0627\u062f\u0629","gouv_id":"TN53","gouv_fr":"Tataouine","gouv_ar":"\u062a\u0637\u0627\u0648\u064a\u0646"},"geometry":{"type":"MultiPolygon","coordinates":[[[[9.953,32.65],[9.982,32.586],[10.105,32.592],[10.13,32.61],[10.325,32.622],[10.354,32.597],[10.464,32.578],[10.568,32.49],[10.784,32.498],[10.762,32.462],[10.71,32.378],[10.716,32.288],[10.66,32.185],[10.571,32.157],[10.494,32.069],[10.463,32.016],[10.345,31.995],[10.231,31.918],[10.126,31.901],[10.062,31.815],[9.985,31.701],[10.137,31.477],[10.11,31.435],[10.251,31.069],[10.286,30.9],[10.264,30.779],[10.192,30.701],[9.878,30.342],[9.759,30.328],[9.552,30.254],[9.079,32.07],[8.361,32.499],[8.364,32.507],[9.024,32.621],[9.069,32.629],[9.539,32.721],[9.565,32.782],[9.739,32.802],[9.823,32.727],[9.89,32.687],[9.953,32.65]]]]}},{"type":"Feature","properties":{"id":"TN536","del_fr":"Dhehiba","del_ar":"\u0630\u0647\u064a\u0628\u0629","gouv_id":"TN53","gouv_fr":"Tataouine","gouv_ar":"\u062a\u0637\u0627\u0648\u064a\u0646"},"geometry":{"type":"MultiPolygon","coordinates":[[[[10.71,32.378],[10.762,32.462],[10.762,32.462],[10.785,32.448],[10.875,32.318],[10.917,32.303],[11.155,32.313],[11.156,32.248],[11.003,32.18],[10.742,31.969],[10.662,31.974],[10.633,31.963],[10.622,31.86],[10.49,31.729],[10.348,31.734],[10.157,31.507],[10.137,31.477],[9.985,31.701],[10.062,31.815],[10.126,31.901],[10.231,31.918],[10.345,31.995],[10.463,32.016],[10.494,32.069],[10.571,32.157],[10.66,32.185],[10.716,32.288],[10.71,32.378]]]]}},{"type":"Feature","properties":{"id":"TN535","del_fr":"Ghomrassen","del_ar":"\u063a\u0645\u0631\u0627\u0633\u0646","gouv_id":"TN53","gouv_fr":"Tataouine","gouv_ar":"\u062a\u0637\u0627\u0648\u064a\u0646"},"geometry":{"type":"MultiPolygon","coordinates":[[[[10.364,32.958],[10.114,32.982],[10.011,32.974],[9.91,33.027],[9.899,33.048],[9.977,33.069],[10.092,33.082],[10.113,33.1],[10.177,33.096],[10.271,33.152],[10.338,33.173],[10.338,33.173],[10.334,33.08],[10.394,33.072],[10.415,33.094],[10.488,33.118],[10.532,33.157],[10.532,33.157],[10.624,33.108],[10.615,33.109],[10.585,33.092],[10.496,33.082],[10.439,33.007],[10.401,33.022],[10.354,32.99],[10.377,32.952],[10.364,32.958]]]]}},{"type":"Feature","properties":{"id":"TN534","del_fr":"Bir  Lahmar","del_ar":"\u0628\u0626\u0631 \u0627\u0644\u0623\u062d\u0645\u0631","gouv_id":"TN53","gouv_fr":"Tataouine","gouv_ar":"\u062a\u0637\u0627\u0648\u064a\u0646"},"geometry":{"type":"MultiPolygon","coordinates":[[[[10.488,33.118],[10.415,33.094],[10.394,33.072],[10.334,33.08],[10.338,33.173],[10.338,33.173],[10.348,33.177],[10.435,33.244],[10.441,33.251],[10.485,33.218],[10.594,33.201],[10.54,33.164],[10.532,33.157],[10.488,33.118]]]]}},{"type":"Feature","properties":{"id":"TN41A","del_fr":"Echrarda","del_ar":"\u0627\u0644\u0634\u0631\u0627\u0631\u062f\u0629","gouv_id":"TN41","gouv_fr":"Kairouan","gouv_ar":"\u0627\u0644\u0642\u064a\u0631\u0648\u0627\u0646"},"geometry":{"type":"MultiPolygon","coordinates":[[[[9.951,35.194],[9.961,35.255],[9.945,35.277],[9.998,35.287],[10.048,35.256],[10.039,35.204],[10.078,35.206],[10.076,35.242],[10.109,35.243],[10.161,35.207],[10.216,35.218],[10.216,35.218],[10.22,35.212],[10.232,35.162],[10.197,35.17],[10.065,35.071],[10.065,35.028],[10.063,35.013],[10.017,35.028],[9.994,35.144],[9.959,35.186],[9.951,35.194]]]]}},{"type":"Feature","properties":{"id":"TN41B","del_fr":"Bouhajla","del_ar":"\u0628\u0648\u062d\u062c\u0644\u0629","gouv_id":"TN41","gouv_fr":"Kairouan","gouv_ar":"\u0627\u0644\u0642\u064a\u0631\u0648\u0627\u0646"},"geometry":{"type":"MultiPolygon","coordinates":[[[[10.17,35.368],[10.185,35.357],[10.209,35.335],[10.181,35.266],[10.216,35.218],[10.216,35.218],[10.161,35.207],[10.109,35.243],[10.076,35.242],[10.078,35.206],[10.039,35.204],[10.048,35.256],[9.998,35.287],[9.945,35.277],[9.935,35.291],[9.94,35.302],[9.94,35.33],[9.902,35.42],[9.899,35.454],[9.961,35.456],[10.023,35.493],[10.139,35.515],[10.148,35.547],[10.175,35.565],[10.193,35.484],[10.226,35.474],[10.195,35.453],[10.192,35.442],[10.17,35.368]]]]}},{"type":"Feature","properties":{"id":"TN219","del_fr":"Mdjez Elbeb","del_ar":"\u0645\u062c\u0627\u0632 \u0627\u0644\u0628\u0627\u0628","gouv_id":"TN21","gouv_fr":"Beja","gouv_ar":"\u0628\u0627\u062c\u0629"},"geometry":{"type":"MultiPolygon","coordinates":[[[[9.43,36.738],[9.473,36.767],[9.54,36.82],[9.557,36.833],[9.557,36.833],[9.613,36.77],[9.687,36.752],[9.731,36.73],[9.782,36.717],[9.799,36.669],[9.799,36.639],[9.799,36.631],[9.761,36.604],[9.699,36.641],[9.675,36.637],[9.652,36.589],[9.625,36.565],[9.585,36.591],[9.533,36.652],[9.499,36.663],[9.482,36.728],[9.43,36.738],[9.43,36.738]]]]}},{"type":"Feature","properties":{"id":"TN17B","del_fr":"Ghar El Meleh","del_ar":"\u063a\u0627\u0631 \u0627\u0644\u0645\u0644\u062d","gouv_id":"TN17","gouv_fr":"Bizerte","gouv_ar":"\u0628\u0646\u0632\u0631\u062a"},"geometry":{"type":"MultiPolygon","coordinates":[[[[10.039,37.139],[10.082,37.212],[10.122,37.195],[10.262,37.168],[10.241,37.15],[10.227,37.121],[10.218,37.109],[10.135,37.14],[10.045,37.116],[10.002,37.077],[9.988,37.108],[9.988,37.108],[9.996,37.109],[10.039,37.139]]]]}},{"type":"Feature","properties":{"id":"TN111","del_fr":"Carthage","del_ar":"\u0642\u0631\u0637\u0627\u062c","gouv_id":"TN11","gouv_fr":"Tunis","gouv_ar":"\u062a\u0648\u0646\u0633"},"geometry":{"type":"MultiPolygon","coordinates":[[[[10.332,36.844],[10.311,36.853],[10.312,36.863],[10.314,36.863],[10.362,36.884],[10.37,36.876],[10.332,36.844]]]]}},{"type":"Feature","properties":{"id":"TN31G","del_fr":"Zaouia Ksiba Thrayet","del_ar":"\u0632\u0627\u0648\u064a\u0629 \u0642\u0635\u064a\u0628\u0629 \u0627\u0644\u062b\u0631\u064a\u0627\u062a","gouv_id":"TN31","gouv_fr":"Sousse","gouv_ar":"\u0633\u0648\u0633\u0629"},"geometry":{"type":"MultiPolygon","coordinates":[[[[10.676,35.753],[10.675,35.747],[10.643,35.746],[10.64,35.735],[10.63,35.738],[10.612,35.759],[10.624,35.767],[10.608,35.781],[10.592,35.776],[10.579,35.792],[10.605,35.798],[10.617,35.808],[10.624,35.804],[10.65,35.795],[10.66,35.775],[10.673,35.783],[10.679,35.78],[10.672,35.771],[10.676,35.753]]]]}},{"type":"Feature","properties":{"id":"TN31F","del_fr":"Kala\u00e2 Seghira","del_ar":"\u0627\u0644\u0642\u0644\u0639\u0629 \u0627\u0644\u0635\u063a\u0631\u0649","gouv_id":"TN31","gouv_fr":"Sousse","gouv_ar":"\u0633\u0648\u0633\u0629"},"geometry":{"type":"MultiPolygon","coordinates":[[[[10.591,35.828],[10.58,35.81],[10.551,35.793],[10.539,35.793],[10.448,35.771],[10.442,35.767],[10.418,35.753],[10.401,35.757],[10.378,35.777],[10.366,35.792],[10.38,35.808],[10.407,35.808],[10.447,35.829],[10.465,35.814],[10.501,35.821],[10.506,35.837],[10.521,35.852],[10.532,35.849],[10.564,35.848],[10.568,35.836],[10.581,35.841],[10.591,35.828]]]]}},{"type":"Feature","properties":{"id":"TN31E","del_fr":"Msaken","del_ar":"\u0645\u0633\u0627\u0643\u0646","gouv_id":"TN31","gouv_fr":"Sousse","gouv_ar":"\u0633\u0648\u0633\u0629"},"geometry":{"type":"MultiPolygon","coordinates":[[[[10.448,35.771],[10.539,35.793],[10.577,35.792],[10.579,35.792],[10.592,35.776],[10.608,35.781],[10.624,35.767],[10.612,35.759],[10.63,35.738],[10.64,35.735],[10.639,35.728],[10.64,35.692],[10.653,35.68],[10.649,35.674],[10.622,35.643],[10.606,35.649],[10.587,35.648],[10.573,35.647],[10.533,35.599],[10.543,35.577],[10.52,35.563],[10.494,35.552],[10.495,35.583],[10.483,35.636],[10.441,35.645],[10.434,35.682],[10.432,35.693],[10.41,35.7],[10.391,35.73],[10.449,35.75],[10.442,35.767],[10.442,35.767],[10.448,35.771]]]]}},{"type":"Feature","properties":{"id":"TN31D","del_fr":"Sidi El H\u00e8ni","del_ar":"\u0633\u064a\u062f\u064a \u0627\u0644\u0647\u0627\u0646\u064a","gouv_id":"TN31","gouv_fr":"Sousse","gouv_ar":"\u0633\u0648\u0633\u0629"},"geometry":{"type":"MultiPolygon","coordinates":[[[[10.245,35.698],[10.193,35.767],[10.221,35.785],[10.234,35.815],[10.269,35.822],[10.305,35.808],[10.328,35.814],[10.355,35.805],[10.378,35.777],[10.401,35.757],[10.418,35.753],[10.442,35.767],[10.442,35.767],[10.449,35.75],[10.391,35.73],[10.41,35.7],[10.432,35.693],[10.434,35.682],[10.441,35.645],[10.483,35.636],[10.495,35.583],[10.494,35.552],[10.493,35.509],[10.515,35.482],[10.601,35.504],[10.63,35.486],[10.618,35.483],[10.564,35.448],[10.564,35.423],[10.563,35.388],[10.494,35.424],[10.465,35.44],[10.452,35.501],[10.41,35.521],[10.36,35.518],[10.311,35.591],[10.287,35.626],[10.251,35.688],[10.245,35.698]]]]}},{"type":"Feature","properties":{"id":"TN31C","del_fr":"Kondar","del_ar":"\u0627\u0644\u0643\u0646\u062f\u0627\u0631","gouv_id":"TN31","gouv_fr":"Sousse","gouv_ar":"\u0633\u0648\u0633\u0629"},"geometry":{"type":"MultiPolygon","coordinates":[[[[10.269,35.822],[10.235,35.815],[10.234,35.815],[10.221,35.785],[10.193,35.767],[10.18,35.785],[10.156,35.807],[10.156,35.807],[10.175,35.869],[10.242,35.922],[10.261,36.022],[10.291,36.021],[10.32,36.021],[10.32,36.021],[10.32,35.993],[10.367,35.988],[10.367,35.985],[10.352,35.971],[10.361,35.952],[10.364,35.95],[10.364,35.95],[10.336,35.938],[10.348,35.93],[10.339,35.91],[10.336,35.905],[10.35,35.865],[10.318,35.83],[10.316,35.811],[10.305,35.808],[10.269,35.822]]]]}},{"type":"Feature","properties":{"id":"TN31B","del_fr":"Bouficha","del_ar":"\u0628\u0648\u0641\u064a\u0634\u0629","gouv_id":"TN31","gouv_fr":"Sousse","gouv_ar":"\u0633\u0648\u0633\u0629"},"geometry":{"type":"MultiPolygon","coordinates":[[[[10.377,36.283],[10.386,36.326],[10.394,36.373],[10.482,36.364],[10.529,36.385],[10.557,36.372],[10.498,36.317],[10.478,36.172],[10.375,36.194],[10.365,36.149],[10.333,36.169],[10.305,36.204],[10.32,36.236],[10.372,36.251],[10.377,36.283]]]]}},{"type":"Feature","properties":{"id":"TN31A","del_fr":"Enfidha","del_ar":"\u0627\u0644\u0646\u0641\u064a\u0636\u0629","gouv_id":"TN31","gouv_fr":"Sousse","gouv_ar":"\u0633\u0648\u0633\u0629"},"geometry":{"type":"MultiPolygon","coordinates":[[[[10.185,36.148],[10.269,36.174],[10.27,36.238],[10.318,36.236],[10.32,36.236],[10.305,36.204],[10.333,36.169],[10.365,36.149],[10.375,36.194],[10.478,36.172],[10.472,36.131],[10.49,36.093],[10.451,36.084],[10.389,36.07],[10.371,36.035],[10.371,36.034],[10.362,36.021],[10.32,36.021],[10.291,36.021],[10.279,36.022],[10.223,36.056],[10.197,36.119],[10.192,36.131],[10.185,36.148]]]]}},{"type":"Feature","properties":{"id":"TN524","del_fr":"Ben Guerdane","del_ar":"\u0642\u0631\u062f\u0627\u0646","gouv_id":"TN52","gouv_fr":"Mednine","gouv_ar":"\u0645\u062f\u0646\u064a\u0646"},"geometry":{"type":"MultiPolygon","coordinates":[[[[10.532,33.157],[10.54,33.164],[10.622,33.22],[10.652,33.259],[10.708,33.272],[10.73,33.333],[10.774,33.388],[10.774,33.388],[10.837,33.356],[10.96,33.312],[11.104,33.284],[11.185,33.325],[11.561,33.175],[11.577,33.132],[11.502,33.044],[11.477,32.744],[11.464,32.598],[11.564,32.538],[11.591,32.438],[11.377,32.345],[11.156,32.248],[11.155,32.313],[11.162,32.313],[11.34,32.375],[11.337,32.403],[11.21,32.391],[11.086,32.673],[11.121,32.722],[11.079,32.938],[11.021,33.017],[11.027,33.096],[10.998,33.103],[10.976,33.097],[10.959,33.075],[10.755,33.096],[10.697,33.102],[10.624,33.108],[10.532,33.157],[10.532,33.157]]]]}},{"type":"Feature","properties":{"id":"TN525","del_fr":"Zarzis","del_ar":"\u062c\u0631\u062c\u064a\u0633","gouv_id":"TN52","gouv_fr":"Mednine","gouv_ar":"\u0645\u062f\u0646\u064a\u0646"},"geometry":{"type":"MultiPolygon","coordinates":[[[[10.749,33.401],[10.745,33.444],[10.767,33.473],[10.793,33.468],[10.931,33.534],[10.949,33.58],[10.924,33.609],[10.963,33.637],[11.04,33.629],[11.126,33.488],[11.09,33.413],[11.182,33.326],[11.185,33.325],[11.104,33.284],[10.96,33.312],[10.837,33.356],[10.774,33.388],[10.749,33.401]]]]}},{"type":"Feature","properties":{"id":"TN526","del_fr":"Djerba Houmet Souk","del_ar":"\u062c\u0631\u0628\u0629 \u062d\u0648\u0645\u0629 \u0627\u0644\u0633\u0648\u0642","gouv_id":"TN52","gouv_fr":"Mednine","gouv_ar":"\u0645\u062f\u0646\u064a\u0646"},"geometry":{"type":"MultiPolygon","coordinates":[[[[10.855,33.8],[10.826,33.818],[10.745,33.854],[10.748,33.898],[10.821,33.904],[10.902,33.889],[10.966,33.881],[11.006,33.861],[10.937,33.813],[10.912,33.821],[10.867,33.804],[10.855,33.8]]]]}},{"type":"Feature","properties":{"id":"TN527","del_fr":"Djerba Midoun","del_ar":"\u062c\u0631\u0628\u0629 \u0645\u064a\u062f\u0648\u0646","gouv_id":"TN52","gouv_fr":"Mednine","gouv_ar":"\u0645\u062f\u0646\u064a\u0646"},"geometry":{"type":"MultiPolygon","coordinates":[[[[10.867,33.804],[10.912,33.821],[10.937,33.813],[11.006,33.861],[11.068,33.829],[11.006,33.751],[10.988,33.716],[10.987,33.673],[10.962,33.673],[10.967,33.72],[10.95,33.72],[10.893,33.674],[10.901,33.635],[10.875,33.631],[10.863,33.687],[10.875,33.728],[10.867,33.804],[10.867,33.804]]]]}},{"type":"Feature","properties":{"id":"TN326","del_fr":"Jammel","del_ar":"\u062c\u0645\u0627\u0644","gouv_id":"TN32","gouv_fr":"Monastir","gouv_ar":"\u0635\u064a\u0627\u062f\u0629 \u0644\u0645\u0637\u0629 \u0628\u0648\u062d\u062c\u0631"},"geometry":{"type":"MultiPolygon","coordinates":[[[[10.587,35.648],[10.587,35.648],[10.606,35.649],[10.622,35.643],[10.649,35.674],[10.694,35.661],[10.711,35.673],[10.735,35.654],[10.757,35.667],[10.776,35.657],[10.797,35.65],[10.809,35.646],[10.822,35.601],[10.795,35.59],[10.803,35.577],[10.785,35.556],[10.746,35.548],[10.746,35.548],[10.761,35.588],[10.739,35.596],[10.722,35.621],[10.702,35.627],[10.689,35.618],[10.668,35.61],[10.664,35.58],[10.628,35.561],[10.587,35.648]]]]}},{"type":"Feature","properties":{"id":"TN521","del_fr":"Medenine Nord","del_ar":"\u0645\u062f\u0646\u064a\u0646 \u0627\u0644\u0634\u0645\u0627\u0644\u064a\u0629","gouv_id":"TN52","gouv_fr":"Mednine","gouv_ar":"\u0645\u062f\u0646\u064a\u0646"},"geometry":{"type":"MultiPolygon","coordinates":[[[[10.516,33.395],[10.469,33.283],[10.441,33.251],[10.384,33.294],[10.325,33.349],[10.27,33.353],[10.231,33.435],[10.231,33.435],[10.278,33.442],[10.325,33.506],[10.325,33.506],[10.408,33.444],[10.442,33.423],[10.45,33.394],[10.516,33.395]]]]}},{"type":"Feature","properties":{"id":"TN522","del_fr":"Medenine Sud","del_ar":"\u0645\u062f\u0646\u064a\u0646 \u0627\u0644\u062c\u0646\u0648\u0628\u064a\u0629","gouv_id":"TN52","gouv_fr":"Mednine","gouv_ar":"\u0645\u062f\u0646\u064a\u0646"},"geometry":{"type":"MultiPolygon","coordinates":[[[[10.469,33.283],[10.518,33.4],[10.639,33.495],[10.572,33.532],[10.728,33.648],[10.747,33.659],[10.745,33.644],[10.735,33.58],[10.704,33.534],[10.708,33.484],[10.767,33.473],[10.745,33.444],[10.749,33.401],[10.774,33.388],[10.774,33.388],[10.73,33.333],[10.708,33.272],[10.652,33.259],[10.622,33.22],[10.594,33.201],[10.485,33.218],[10.441,33.251],[10.469,33.283]]]]}},{"type":"Feature","properties":{"id":"TN325","del_fr":"Beni Hassen","del_ar":"\u0628\u0646\u064a \u062d\u0633\u0627\u0646","gouv_id":"TN32","gouv_fr":"Monastir","gouv_ar":"\u0635\u064a\u0627\u062f\u0629 \u0644\u0645\u0637\u0629 \u0628\u0648\u062d\u062c\u0631"},"geometry":{"type":"MultiPolygon","coordinates":[[[[10.679,35.475],[10.67,35.493],[10.641,35.488],[10.639,35.506],[10.693,35.515],[10.729,35.528],[10.741,35.535],[10.746,35.548],[10.746,35.548],[10.785,35.556],[10.803,35.577],[10.795,35.59],[10.822,35.601],[10.823,35.599],[10.84,35.577],[10.841,35.562],[10.842,35.548],[10.762,35.489],[10.731,35.484],[10.679,35.475]]]]}},{"type":"Feature","properties":{"id":"TN328","del_fr":"Moknine","del_ar":"\u0627\u0644\u0645\u0643\u0646\u064a\u0646","gouv_id":"TN32","gouv_fr":"Monastir","gouv_ar":"\u0635\u064a\u0627\u062f\u0629 \u0644\u0645\u0637\u0629 \u0628\u0648\u062d\u062c\u0631"},"geometry":{"type":"MultiPolygon","coordinates":[[[[10.826,35.433],[10.781,35.434],[10.731,35.484],[10.731,35.484],[10.762,35.489],[10.842,35.548],[10.841,35.562],[10.84,35.577],[10.839,35.595],[10.842,35.608],[10.842,35.608],[10.872,35.617],[10.878,35.634],[10.915,35.646],[10.933,35.642],[10.934,35.625],[10.932,35.624],[10.956,35.618],[10.982,35.613],[10.982,35.613],[10.994,35.573],[11.001,35.551],[10.98,35.542],[10.942,35.546],[10.909,35.51],[10.849,35.477],[10.829,35.439],[10.826,35.433]]]]}},{"type":"Feature","properties":{"id":"TN329","del_fr":"Bekalta","del_ar":"\u0627\u0644\u0628\u0642\u0627\u0644\u0637\u0629","gouv_id":"TN32","gouv_fr":"Monastir","gouv_ar":"\u0635\u064a\u0627\u062f\u0629 \u0644\u0645\u0637\u0629 \u0628\u0648\u062d\u062c\u0631"},"geometry":{"type":"MultiPolygon","coordinates":[[[[10.98,35.619],[10.995,35.646],[11.05,35.636],[11.054,35.618],[11.031,35.558],[11.04,35.544],[11.006,35.553],[11.001,35.551],[10.994,35.573],[10.982,35.613],[10.98,35.619]]]]}},{"type":"Feature","properties":{"id":"TN528","del_fr":"Djerba Ajim","del_ar":"\u062c\u0631\u0628\u0629 \u0623\u062c\u064a\u0645","gouv_id":"TN52","gouv_fr":"Mednine","gouv_ar":"\u0645\u062f\u0646\u064a\u0646"},"geometry":{"type":"MultiPolygon","coordinates":[[[[10.855,33.8],[10.867,33.804],[10.867,33.804],[10.875,33.728],[10.863,33.687],[10.86,33.703],[10.83,33.74],[10.809,33.74],[10.795,33.701],[10.732,33.734],[10.742,33.809],[10.745,33.854],[10.826,33.818],[10.855,33.8]]]]}},{"type":"Feature","properties":{"id":"TN529","del_fr":"Sidi Makhlouf","del_ar":"\u0633\u064a\u062f\u064a \u0645\u062e\u0644\u0648\u0641","gouv_id":"TN52","gouv_fr":"Mednine","gouv_ar":"\u0645\u062f\u0646\u064a\u0646"},"geometry":{"type":"MultiPolygon","coordinates":[[[[10.325,33.506],[10.382,33.584],[10.437,33.656],[10.492,33.64],[10.686,33.706],[10.75,33.676],[10.747,33.659],[10.728,33.648],[10.572,33.532],[10.639,33.495],[10.518,33.4],[10.516,33.395],[10.45,33.394],[10.442,33.423],[10.408,33.444],[10.325,33.506],[10.325,33.506]]]]}},{"type":"Feature","properties":{"id":"TN155","del_fr":"Menzel Temime","del_ar":"\u0645\u0646\u0632\u0644 \u062a\u0645\u064a\u0645","gouv_id":"TN15","gouv_fr":"Nabeul","gouv_ar":"\u0646\u0627\u0628\u0644"},"geometry":{"type":"MultiPolygon","coordinates":[[[[10.756,36.796],[10.78,36.844],[10.834,36.843],[10.842,36.823],[10.876,36.841],[10.901,36.865],[10.93,36.897],[10.93,36.897],[10.974,36.853],[10.99,36.873],[11.014,36.856],[11.004,36.806],[11.044,36.788],[10.958,36.714],[10.902,36.733],[10.85,36.777],[10.812,36.767],[10.756,36.796],[10.756,36.796]]]]}},{"type":"Feature","properties":{"id":"TN154","del_fr":"Korba","del_ar":"\u0642\u0631\u0628\u0629","gouv_id":"TN15","gouv_fr":"Nabeul","gouv_ar":"\u0646\u0627\u0628\u0644"},"geometry":{"type":"MultiPolygon","coordinates":[[[[10.919,36.648],[10.841,36.505],[10.824,36.512],[10.802,36.55],[10.816,36.566],[10.807,36.582],[10.747,36.576],[10.696,36.591],[10.7,36.603],[10.706,36.618],[10.749,36.642],[10.743,36.657],[10.738,36.668],[10.778,36.695],[10.779,36.696],[10.863,36.671],[10.919,36.648]]]]}},{"type":"Feature","properties":{"id":"TN157","del_fr":"Kelibia","del_ar":"\u0642\u0644\u064a\u0628\u064a\u0629","gouv_id":"TN15","gouv_fr":"Nabeul","gouv_ar":"\u0646\u0627\u0628\u0644"},"geometry":{"type":"MultiPolygon","coordinates":[[[[10.93,36.897],[10.96,36.931],[10.945,36.949],[10.986,36.98],[11.024,36.958],[11.024,36.958],[11.038,36.929],[11.038,36.904],[11.05,36.877],[11.075,36.88],[11.117,36.852],[11.086,36.823],[11.044,36.788],[11.004,36.806],[11.014,36.856],[10.99,36.873],[10.974,36.853],[10.93,36.897],[10.93,36.897]]]]}},{"type":"Feature","properties":{"id":"TN145","del_fr":"Borj Amri","del_ar":"\u0628\u0631\u062c \u0627\u0644\u0639\u0627\u0645\u0631\u064a","gouv_id":"TN14","gouv_fr":"Mannouba","gouv_ar":"\u0645\u0646\u0648\u0628\u0629"},"geometry":{"type":"MultiPolygon","coordinates":[[[[9.782,36.717],[9.76,36.723],[9.844,36.745],[9.888,36.763],[9.889,36.763],[9.911,36.73],[9.904,36.688],[9.917,36.666],[9.912,36.625],[9.897,36.614],[9.878,36.6],[9.865,36.587],[9.854,36.607],[9.821,36.609],[9.812,36.636],[9.799,36.639],[9.799,36.669],[9.782,36.717]]]]}},{"type":"Feature","properties":{"id":"TN249","del_fr":"Kesra","del_ar":"\u0643\u0633\u0631\u0649","gouv_id":"TN24","gouv_fr":"Siliana","gouv_ar":"\u0633\u0644\u064a\u0627\u0646\u0629"},"geometry":{"type":"MultiPolygon","coordinates":[[[[9.284,35.874],[9.325,35.849],[9.345,35.879],[9.369,35.863],[9.389,35.851],[9.383,35.904],[9.418,35.911],[9.446,35.884],[9.532,35.861],[9.543,35.832],[9.505,35.816],[9.498,35.773],[9.527,35.759],[9.537,35.736],[9.426,35.706],[9.39,35.691],[9.298,35.724],[9.255,35.699],[9.233,35.724],[9.202,35.753],[9.27,35.783],[9.272,35.817],[9.288,35.829],[9.262,35.853],[9.284,35.874]]]]}},{"type":"Feature","properties":{"id":"TN248","del_fr":"Er Rouhia","del_ar":"\u0627\u0644\u0631\u0648\u062d\u064a\u0629","gouv_id":"TN24","gouv_fr":"Siliana","gouv_ar":"\u0633\u0644\u064a\u0627\u0646\u0629"},"geometry":{"type":"MultiPolygon","coordinates":[[[[9.335,35.488],[9.289,35.529],[9.193,35.561],[9.184,35.617],[9.164,35.624],[9.086,35.614],[9.082,35.624],[8.981,35.638],[8.964,35.674],[8.991,35.696],[9.003,35.706],[9.043,35.685],[9.012,35.764],[9.043,35.778],[9.043,35.778],[9.07,35.776],[9.099,35.837],[9.13,35.828],[9.134,35.796],[9.165,35.788],[9.233,35.724],[9.294,35.658],[9.39,35.579],[9.434,35.592],[9.434,35.592],[9.452,35.486],[9.385,35.487],[9.343,35.487],[9.335,35.488]]]]}},{"type":"Feature","properties":{"id":"TN153","del_fr":"Beni Khiar","del_ar":"\u0628\u0646\u064a \u062e\u064a\u0627\u0631","gouv_id":"TN15","gouv_fr":"Nabeul","gouv_ar":"\u0646\u0627\u0628\u0644"},"geometry":{"type":"MultiPolygon","coordinates":[[[[10.683,36.588],[10.694,36.588],[10.696,36.591],[10.747,36.576],[10.807,36.582],[10.816,36.566],[10.802,36.55],[10.824,36.512],[10.841,36.505],[10.819,36.466],[10.773,36.453],[10.746,36.506],[10.694,36.554],[10.683,36.588],[10.683,36.588]]]]}},{"type":"Feature","properties":{"id":"TN152","del_fr":"Dar Chaabane","del_ar":"\u062f\u0627\u0631 \u0634\u0639\u0628\u0627\u0646","gouv_id":"TN15","gouv_fr":"Nabeul","gouv_ar":"\u0646\u0627\u0628\u0644"},"geometry":{"type":"MultiPolygon","coordinates":[[[[10.773,36.453],[10.735,36.443],[10.701,36.496],[10.689,36.534],[10.654,36.524],[10.625,36.546],[10.665,36.57],[10.656,36.589],[10.656,36.589],[10.683,36.588],[10.683,36.588],[10.694,36.554],[10.746,36.506],[10.773,36.453]]]]}},{"type":"Feature","properties":{"id":"TN245","del_fr":"El Krib","del_ar":"\u0627\u0644\u0643\u0631\u064a\u0628","gouv_id":"TN24","gouv_fr":"Siliana","gouv_ar":"\u0633\u0644\u064a\u0627\u0646\u0629"},"geometry":{"type":"MultiPolygon","coordinates":[[[[9.032,36.226],[9.03,36.232],[8.99,36.286],[8.977,36.28],[8.967,36.332],[8.96,36.406],[8.937,36.448],[8.98,36.469],[9.01,36.469],[9.01,36.469],[9.077,36.433],[9.122,36.391],[9.115,36.359],[9.135,36.356],[9.166,36.381],[9.259,36.368],[9.27,36.327],[9.217,36.273],[9.208,36.265],[9.108,36.3],[9.032,36.226]]]]}},{"type":"Feature","properties":{"id":"TN519","del_fr":"La Nouvelle matmata","del_ar":"\u0645\u0637\u0645\u0627\u0637\u0629 \u0627\u0644\u062c\u062f\u064a\u062f\u0629","gouv_id":"TN51","gouv_fr":"Gabes","gouv_ar":"\u0642\u0627\u0628\u0633"},"geometry":{"type":"MultiPolygon","coordinates":[[[[10.14,33.728],[10.161,33.637],[10.147,33.558],[10.132,33.545],[10.066,33.485],[10.065,33.484],[9.998,33.581],[9.895,33.596],[9.844,33.664],[9.814,33.65],[9.856,33.575],[9.83,33.553],[9.626,33.605],[9.623,33.603],[9.539,33.636],[9.54,33.637],[9.733,33.69],[9.78,33.679],[9.955,33.754],[9.993,33.728],[10.066,33.741],[10.044,33.677],[10.1,33.702],[10.14,33.728],[10.14,33.728]]]]}},{"type":"Feature","properties":{"id":"TN247","del_fr":"Makthar","del_ar":"\u0645\u0643\u062b\u0631","gouv_id":"TN24","gouv_fr":"Siliana","gouv_ar":"\u0633\u0644\u064a\u0627\u0646\u0629"},"geometry":{"type":"MultiPolygon","coordinates":[[[[9.207,35.926],[9.306,35.89],[9.308,35.859],[9.284,35.874],[9.262,35.853],[9.288,35.829],[9.272,35.817],[9.27,35.783],[9.202,35.753],[9.165,35.788],[9.134,35.796],[9.13,35.828],[9.099,35.837],[9.07,35.776],[9.043,35.778],[9.021,35.832],[9.052,35.871],[9.089,35.945],[9.089,35.945],[9.114,35.967],[9.131,35.979],[9.131,35.979],[9.161,35.93],[9.207,35.926]]]]}},{"type":"Feature","properties":{"id":"TN246","del_fr":"Bourouis","del_ar":"\u0628\u0648\u0631\u0648\u064a\u0633","gouv_id":"TN24","gouv_fr":"Siliana","gouv_ar":"\u0633\u0644\u064a\u0627\u0646\u0629"},"geometry":{"type":"MultiPolygon","coordinates":[[[[9.024,36.169],[9.043,36.193],[9.032,36.226],[9.108,36.3],[9.208,36.265],[9.192,36.248],[9.241,36.202],[9.229,36.166],[9.251,36.132],[9.15,36.091],[9.151,36.084],[9.071,36.139],[9.024,36.169],[9.024,36.169]]]]}},{"type":"Feature","properties":{"id":"TN241","del_fr":"Siliana Nord","del_ar":"\u0633\u0644\u064a\u0627\u0646\u0629 \u0627\u0644\u0634\u0645\u0627\u0644\u064a\u0629","gouv_id":"TN24","gouv_fr":"Siliana","gouv_ar":"\u0633\u0644\u064a\u0627\u0646\u0629"},"geometry":{"type":"MultiPolygon","coordinates":[[[[9.244,35.913],[9.207,35.926],[9.161,35.93],[9.131,35.979],[9.131,35.979],[9.159,35.998],[9.156,36.035],[9.151,36.084],[9.15,36.091],[9.251,36.132],[9.251,36.133],[9.276,36.135],[9.313,36.15],[9.39,36.155],[9.423,36.142],[9.494,36.138],[9.494,36.138],[9.501,36.131],[9.512,36.091],[9.512,36.091],[9.465,36.088],[9.359,36.085],[9.271,36.024],[9.249,35.985],[9.266,35.965],[9.244,35.913]]]]}},{"type":"Feature","properties":{"id":"TN158","del_fr":"Hammam El Guezaz","del_ar":"\u062d\u0645\u0627\u0645 \u0627\u0644\u063a\u0632\u0627\u0632","gouv_id":"TN15","gouv_fr":"Nabeul","gouv_ar":"\u0646\u0627\u0628\u0644"},"geometry":{"type":"MultiPolygon","coordinates":[[[[11.024,36.958],[11.066,36.986],[11.107,36.944],[11.128,36.905],[11.132,36.865],[11.117,36.852],[11.075,36.88],[11.05,36.877],[11.038,36.904],[11.038,36.929],[11.024,36.958]]]]}},{"type":"Feature","properties":{"id":"TN243","del_fr":"Bou Arada","del_ar":"\u0628\u0648\u0639\u0631\u0627\u062f\u0629","gouv_id":"TN24","gouv_fr":"Siliana","gouv_ar":"\u0633\u0644\u064a\u0627\u0646\u0629"},"geometry":{"type":"MultiPolygon","coordinates":[[[[9.664,36.218],[9.587,36.177],[9.517,36.17],[9.488,36.241],[9.519,36.253],[9.552,36.301],[9.583,36.335],[9.546,36.38],[9.554,36.424],[9.626,36.417],[9.702,36.435],[9.745,36.464],[9.745,36.464],[9.759,36.434],[9.763,36.393],[9.749,36.345],[9.709,36.311],[9.594,36.258],[9.616,36.247],[9.664,36.218]]]]}},{"type":"Feature","properties":{"id":"TN242","del_fr":"Siliana Sud","del_ar":"\u0633\u0644\u064a\u0627\u0646\u0629 \u0627\u0644\u062c\u0646\u0648\u0628\u064a\u0629","gouv_id":"TN24","gouv_fr":"Siliana","gouv_ar":"\u0633\u0644\u064a\u0627\u0646\u0629"},"geometry":{"type":"MultiPolygon","coordinates":[[[[9.606,35.979],[9.495,35.904],[9.482,35.874],[9.446,35.884],[9.418,35.911],[9.383,35.904],[9.389,35.851],[9.369,35.863],[9.345,35.879],[9.325,35.849],[9.308,35.859],[9.306,35.89],[9.244,35.913],[9.266,35.965],[9.249,35.985],[9.271,36.024],[9.359,36.085],[9.465,36.088],[9.512,36.091],[9.512,36.091],[9.516,36.079],[9.494,36.058],[9.485,36.026],[9.52,36.002],[9.559,36.004],[9.606,35.979]]]]}},{"type":"Feature","properties":{"id":"TN15E","del_fr":"Grombelia","del_ar":"\u0642\u0631\u0645\u0628\u0627\u0644\u064a\u0629","gouv_id":"TN15","gouv_fr":"Nabeul","gouv_ar":"\u0646\u0627\u0628\u0644"},"geometry":{"type":"MultiPolygon","coordinates":[[[[10.446,36.686],[10.531,36.627],[10.567,36.625],[10.591,36.603],[10.557,36.576],[10.503,36.531],[10.476,36.501],[10.473,36.501],[10.367,36.486],[10.349,36.48],[10.343,36.513],[10.381,36.561],[10.375,36.579],[10.364,36.583],[10.346,36.58],[10.34,36.587],[10.378,36.645],[10.417,36.691],[10.417,36.695],[10.446,36.686]]]]}},{"type":"Feature","properties":{"id":"TN15D","del_fr":"Beni Khaled","del_ar":"\u0628\u0646\u064a \u062e\u0644\u0627\u062f","gouv_id":"TN15","gouv_fr":"Nabeul","gouv_ar":"\u0646\u0627\u0628\u0644"},"geometry":{"type":"MultiPolygon","coordinates":[[[[10.628,36.59],[10.577,36.575],[10.557,36.576],[10.557,36.576],[10.591,36.603],[10.567,36.625],[10.531,36.627],[10.529,36.629],[10.558,36.665],[10.568,36.664],[10.605,36.662],[10.671,36.651],[10.714,36.664],[10.743,36.657],[10.749,36.642],[10.706,36.618],[10.7,36.603],[10.696,36.591],[10.694,36.588],[10.683,36.588],[10.656,36.589],[10.628,36.59]]]]}},{"type":"Feature","properties":{"id":"TN15G","del_fr":"Hammamet","del_ar":"\u0627\u0644\u062d\u0645\u0627\u0645\u0627\u062a","gouv_id":"TN15","gouv_fr":"Nabeul","gouv_ar":"\u0646\u0627\u0628\u0644"},"geometry":{"type":"MultiPolygon","coordinates":[[[[10.473,36.501],[10.52,36.495],[10.561,36.479],[10.563,36.459],[10.623,36.462],[10.669,36.456],[10.693,36.427],[10.632,36.394],[10.57,36.384],[10.557,36.372],[10.529,36.385],[10.482,36.364],[10.394,36.373],[10.391,36.353],[10.369,36.379],[10.349,36.48],[10.367,36.486],[10.473,36.501]]]]}},{"type":"Feature","properties":{"id":"TN15F","del_fr":"Bouargoub","del_ar":"\u0628\u0648\u0639\u0631\u0642\u0648\u0628","gouv_id":"TN15","gouv_fr":"Nabeul","gouv_ar":"\u0646\u0627\u0628\u0644"},"geometry":{"type":"MultiPolygon","coordinates":[[[[10.625,36.546],[10.658,36.522],[10.62,36.462],[10.563,36.459],[10.561,36.479],[10.52,36.495],[10.476,36.501],[10.503,36.531],[10.557,36.576],[10.557,36.576],[10.577,36.575],[10.628,36.59],[10.656,36.589],[10.656,36.589],[10.665,36.57],[10.625,36.546]]]]}},{"type":"Feature","properties":{"id":"TN15A","del_fr":"Takelsa","del_ar":"\u062a\u0627\u0643\u0644\u0633\u0629","gouv_id":"TN15","gouv_fr":"Nabeul","gouv_ar":"\u0646\u0627\u0628\u0644"},"geometry":{"type":"MultiPolygon","coordinates":[[[[10.753,36.792],[10.75,36.785],[10.731,36.769],[10.723,36.762],[10.7,36.741],[10.69,36.681],[10.665,36.681],[10.662,36.717],[10.613,36.723],[10.609,36.732],[10.598,36.752],[10.594,36.761],[10.603,36.78],[10.589,36.861],[10.606,36.877],[10.713,36.868],[10.772,36.914],[10.808,36.885],[10.783,36.858],[10.786,36.844],[10.78,36.844],[10.756,36.796],[10.753,36.792]]]]}},{"type":"Feature","properties":{"id":"TN15C","del_fr":"Menzel Bouzelfa","del_ar":"\u0645\u0646\u0632\u0644 \u0628\u0648\u0632\u0644\u0641\u0629","gouv_id":"TN15","gouv_fr":"Nabeul","gouv_ar":"\u0646\u0627\u0628\u0644"},"geometry":{"type":"MultiPolygon","coordinates":[[[[10.743,36.657],[10.714,36.664],[10.671,36.651],[10.605,36.662],[10.568,36.664],[10.561,36.697],[10.551,36.724],[10.609,36.732],[10.613,36.723],[10.662,36.717],[10.665,36.681],[10.69,36.681],[10.7,36.741],[10.723,36.762],[10.731,36.769],[10.738,36.763],[10.762,36.739],[10.778,36.695],[10.738,36.668],[10.743,36.657]]]]}},{"type":"Feature","properties":{"id":"TN15B","del_fr":"Sliman","del_ar":"\u0633\u0644\u064a\u0645\u0627\u0646","gouv_id":"TN15","gouv_fr":"Nabeul","gouv_ar":"\u0646\u0627\u0628\u0644"},"geometry":{"type":"MultiPolygon","coordinates":[[[[10.529,36.629],[10.446,36.686],[10.417,36.695],[10.421,36.715],[10.434,36.711],[10.483,36.728],[10.569,36.785],[10.579,36.852],[10.589,36.861],[10.603,36.78],[10.594,36.761],[10.598,36.752],[10.609,36.732],[10.551,36.724],[10.561,36.697],[10.568,36.664],[10.558,36.665],[10.529,36.629]]]]}},{"type":"Feature","properties":{"id":"TN323","del_fr":"Sahline","del_ar":"\u0627\u0644\u0633\u0627\u062d\u0644\u064a\u0646","gouv_id":"TN32","gouv_fr":"Monastir","gouv_ar":"\u0635\u064a\u0627\u062f\u0629 \u0644\u0645\u0637\u0629 \u0628\u0648\u062d\u062c\u0631"},"geometry":{"type":"MultiPolygon","coordinates":[[[[10.673,35.74],[10.676,35.753],[10.672,35.771],[10.679,35.78],[10.684,35.778],[10.774,35.739],[10.763,35.72],[10.75,35.717],[10.742,35.714],[10.721,35.702],[10.691,35.726],[10.677,35.721],[10.673,35.74]]]]}},{"type":"Feature","properties":{"id":"TN141","del_fr":"Manouba","del_ar":"\u0645\u0646\u0648\u0628\u0629","gouv_id":"TN14","gouv_fr":"Mannouba","gouv_ar":"\u0645\u0646\u0648\u0628\u0629"},"geometry":{"type":"MultiPolygon","coordinates":[[[[10.122,36.799],[10.1,36.802],[10.082,36.798],[10.07,36.799],[10.052,36.817],[10.071,36.825],[10.101,36.815],[10.105,36.826],[10.104,36.827],[10.118,36.829],[10.118,36.829],[10.121,36.801],[10.122,36.799]]]]}},{"type":"Feature","properties":{"id":"TN24A","del_fr":"Bargou","del_ar":"\u0628\u0631\u0642\u0648","gouv_id":"TN24","gouv_fr":"Siliana","gouv_ar":"\u0633\u0644\u064a\u0627\u0646\u0629"},"geometry":{"type":"MultiPolygon","coordinates":[[[[9.483,36.167],[9.587,36.177],[9.685,36.229],[9.735,36.198],[9.759,36.137],[9.745,36.104],[9.727,36.06],[9.606,35.979],[9.559,36.004],[9.52,36.002],[9.485,36.026],[9.494,36.058],[9.516,36.079],[9.512,36.091],[9.501,36.131],[9.494,36.138],[9.494,36.138],[9.498,36.138],[9.483,36.167]]]]}},{"type":"Feature","properties":{"id":"TN24B","del_fr":"El Aroussa","del_ar":"\u0627\u0644\u0639\u0631\u0648\u0633\u0629","gouv_id":"TN24","gouv_fr":"Siliana","gouv_ar":"\u0633\u0644\u064a\u0627\u0646\u0629"},"geometry":{"type":"MultiPolygon","coordinates":[[[[9.325,36.368],[9.358,36.438],[9.355,36.448],[9.463,36.454],[9.533,36.462],[9.555,36.43],[9.554,36.424],[9.546,36.38],[9.583,36.335],[9.552,36.301],[9.519,36.253],[9.488,36.241],[9.483,36.252],[9.373,36.333],[9.325,36.368]]]]}},{"type":"Feature","properties":{"id":"TN32B","del_fr":"Ksar Hlel","del_ar":"\u0642\u0635\u0631 \u0647\u0644\u0627\u0644","gouv_id":"TN32","gouv_fr":"Monastir","gouv_ar":"\u0635\u064a\u0627\u062f\u0629 \u0644\u0645\u0637\u0629 \u0628\u0648\u062d\u062c\u0631"},"geometry":{"type":"MultiPolygon","coordinates":[[[[10.842,35.608],[10.849,35.639],[10.836,35.654],[10.86,35.666],[10.861,35.668],[10.904,35.656],[10.933,35.65],[10.933,35.642],[10.915,35.646],[10.878,35.634],[10.872,35.617],[10.842,35.608],[10.842,35.608]]]]}},{"type":"Feature","properties":{"id":"TN32C","del_fr":"Ksibet El Mediouni","del_ar":"\u0642\u0635\u064a\u0628\u0629 \u0627\u0644\u0645\u062f\u064a\u0648\u0646\u064a","gouv_id":"TN32","gouv_fr":"Monastir","gouv_ar":"\u0635\u064a\u0627\u062f\u0629 \u0644\u0645\u0637\u0629 \u0628\u0648\u062d\u062c\u0631"},"geometry":{"type":"MultiPolygon","coordinates":[[[[10.839,35.595],[10.84,35.577],[10.823,35.599],[10.822,35.601],[10.809,35.646],[10.797,35.65],[10.811,35.675],[10.807,35.683],[10.827,35.697],[10.827,35.697],[10.833,35.693],[10.852,35.703],[10.873,35.693],[10.861,35.668],[10.86,35.666],[10.836,35.654],[10.849,35.639],[10.842,35.608],[10.839,35.595]]]]}},{"type":"Feature","properties":{"id":"TN321","del_fr":"Monastir","del_ar":"\u0627\u0644\u0645\u0646\u0633\u062a\u064a\u0631","gouv_id":"TN32","gouv_fr":"Monastir","gouv_ar":"\u0635\u064a\u0627\u062f\u0629 \u0644\u0645\u0637\u0629 \u0628\u0648\u062d\u062c\u0631"},"geometry":{"type":"MultiPolygon","coordinates":[[[[10.805,35.712],[10.768,35.706],[10.75,35.717],[10.763,35.72],[10.774,35.739],[10.684,35.778],[10.679,35.78],[10.69,35.795],[10.768,35.773],[10.808,35.79],[10.852,35.779],[10.828,35.715],[10.852,35.703],[10.833,35.693],[10.827,35.697],[10.805,35.712]]]]}},{"type":"Feature","properties":{"id":"TN32D","del_fr":"Sayada- Lamta- Bouhjar","del_ar":"\u0635\u064a\u0627\u062f\u0629 \u0644\u0645\u0637\u0629 \u0628\u0648\u062d\u062c\u0631","gouv_id":"TN32","gouv_fr":"Monastir","gouv_ar":"\u0635\u064a\u0627\u062f\u0629 \u0644\u0645\u0637\u0629 \u0628\u0648\u062d\u062c\u0631"},"geometry":{"type":"MultiPolygon","coordinates":[[[[10.861,35.668],[10.873,35.693],[10.92,35.67],[10.928,35.667],[10.932,35.654],[10.933,35.65],[10.904,35.656],[10.861,35.668]]]]}},{"type":"Feature","properties":{"id":"TN11C","del_fr":"Ezzouhour","del_ar":"\u0627\u0644\u0632\u0647\u0648\u0631","gouv_id":"TN11","gouv_fr":"Tunis","gouv_ar":"\u062a\u0648\u0646\u0633"},"geometry":{"type":"MultiPolygon","coordinates":[[[[10.125,36.792],[10.123,36.796],[10.148,36.802],[10.15,36.803],[10.15,36.803],[10.155,36.799],[10.154,36.798],[10.146,36.792],[10.139,36.79],[10.126,36.787],[10.126,36.787],[10.126,36.788],[10.126,36.788],[10.125,36.792]]]]}},{"type":"Feature","properties":{"id":"TN327","del_fr":"Benbla","del_ar":"\u0628\u0646\u0628\u0644\u0629","gouv_id":"TN32","gouv_fr":"Monastir","gouv_ar":"\u0635\u064a\u0627\u062f\u0629 \u0644\u0645\u0637\u0629 \u0628\u0648\u062d\u062c\u0631"},"geometry":{"type":"MultiPolygon","coordinates":[[[[10.805,35.712],[10.827,35.697],[10.827,35.697],[10.807,35.683],[10.811,35.675],[10.797,35.65],[10.776,35.657],[10.757,35.667],[10.735,35.654],[10.711,35.673],[10.707,35.675],[10.717,35.7],[10.721,35.702],[10.742,35.714],[10.75,35.717],[10.768,35.706],[10.805,35.712]]]]}},{"type":"Feature","properties":{"id":"TN171","del_fr":"Bizerte Nord","del_ar":"\u0628\u0646\u0632\u0631\u062a \u0627\u0644\u0634\u0645\u0627\u0644\u064a\u0629","gouv_id":"TN17","gouv_fr":"Bizerte","gouv_ar":"\u0628\u0646\u0632\u0631\u062a"},"geometry":{"type":"MultiPolygon","coordinates":[[[[9.896,37.271],[9.874,37.261],[9.831,37.283],[9.763,37.31],[9.756,37.328],[9.762,37.344],[9.778,37.336],[9.877,37.335],[9.881,37.275],[9.896,37.271]]]]}},{"type":"Feature","properties":{"id":"TN324","del_fr":"Zarmdine","del_ar":"\u0632\u0631\u0645\u062f\u064a\u0646","gouv_id":"TN32","gouv_fr":"Monastir","gouv_ar":"\u0635\u064a\u0627\u062f\u0629 \u0644\u0645\u0637\u0629 \u0628\u0648\u062d\u062c\u0631"},"geometry":{"type":"MultiPolygon","coordinates":[[[[10.761,35.588],[10.746,35.548],[10.741,35.535],[10.729,35.528],[10.693,35.515],[10.639,35.506],[10.641,35.488],[10.63,35.486],[10.601,35.504],[10.515,35.482],[10.493,35.509],[10.494,35.552],[10.52,35.563],[10.543,35.577],[10.533,35.599],[10.573,35.647],[10.587,35.648],[10.587,35.648],[10.628,35.561],[10.664,35.58],[10.668,35.61],[10.689,35.618],[10.702,35.627],[10.722,35.621],[10.739,35.596],[10.761,35.588]]]]}},{"type":"Feature","properties":{"id":"TN319","del_fr":"Hergla","del_ar":"\u0647\u0631\u0642\u0644\u0629","gouv_id":"TN31","gouv_fr":"Sousse","gouv_ar":"\u0633\u0648\u0633\u0629"},"geometry":{"type":"MultiPolygon","coordinates":[[[[10.49,36.093],[10.519,36.03],[10.544,35.991],[10.513,35.974],[10.486,35.976],[10.487,35.995],[10.479,36.008],[10.45,36.011],[10.439,36.004],[10.426,36.016],[10.413,36.013],[10.41,36.004],[10.394,36.011],[10.371,36.034],[10.371,36.035],[10.389,36.07],[10.451,36.084],[10.49,36.093]]]]}},{"type":"Feature","properties":{"id":"TN318","del_fr":"Sid Bou Ali","del_ar":"\u0633\u064a\u062f\u064a \u0628\u0648\u0639\u0644\u064a","gouv_id":"TN31","gouv_fr":"Sousse","gouv_ar":"\u0633\u0648\u0633\u0629"},"geometry":{"type":"MultiPolygon","coordinates":[[[[10.361,35.952],[10.352,35.971],[10.367,35.985],[10.367,35.988],[10.32,35.993],[10.32,36.021],[10.32,36.021],[10.362,36.021],[10.371,36.034],[10.394,36.011],[10.41,36.004],[10.413,36.013],[10.426,36.016],[10.439,36.004],[10.45,36.011],[10.479,36.008],[10.487,35.995],[10.486,35.976],[10.513,35.974],[10.544,35.991],[10.551,35.98],[10.504,35.957],[10.506,35.945],[10.494,35.946],[10.452,35.913],[10.364,35.95],[10.361,35.952]]]]}},{"type":"Feature","properties":{"id":"TN317","del_fr":"Kala\u00e2 Kebira","del_ar":"\u0627\u0644\u0642\u0644\u0639\u0629 \u0627\u0644\u0643\u0628\u0631\u0649","gouv_id":"TN31","gouv_fr":"Sousse","gouv_ar":"\u0633\u0648\u0633\u0629"},"geometry":{"type":"MultiPolygon","coordinates":[[[[10.364,35.95],[10.452,35.913],[10.494,35.946],[10.506,35.945],[10.508,35.935],[10.546,35.91],[10.563,35.87],[10.531,35.857],[10.533,35.849],[10.532,35.849],[10.521,35.852],[10.506,35.837],[10.501,35.821],[10.465,35.814],[10.447,35.829],[10.407,35.808],[10.38,35.808],[10.366,35.792],[10.355,35.805],[10.328,35.814],[10.316,35.811],[10.318,35.83],[10.35,35.865],[10.336,35.905],[10.348,35.93],[10.336,35.938],[10.364,35.95],[10.364,35.95]]]]}},{"type":"Feature","properties":{"id":"TN316","del_fr":"Akouda","del_ar":"\u0627\u0643\u0648\u062f\u0629","gouv_id":"TN31","gouv_fr":"Sousse","gouv_ar":"\u0633\u0648\u0633\u0629"},"geometry":{"type":"MultiPolygon","coordinates":[[[[10.551,35.98],[10.592,35.914],[10.573,35.901],[10.589,35.868],[10.563,35.849],[10.564,35.848],[10.533,35.849],[10.531,35.857],[10.563,35.87],[10.546,35.91],[10.508,35.935],[10.506,35.945],[10.504,35.957],[10.551,35.98]]]]}},{"type":"Feature","properties":{"id":"TN315","del_fr":"Hammam Sousse","del_ar":"\u062d\u0645\u0627\u0645 \u0633\u0648\u0633\u0629","gouv_id":"TN31","gouv_fr":"Sousse","gouv_ar":"\u0633\u0648\u0633\u0629"},"geometry":{"type":"MultiPolygon","coordinates":[[[[10.592,35.914],[10.613,35.882],[10.62,35.872],[10.603,35.86],[10.58,35.842],[10.581,35.841],[10.568,35.836],[10.564,35.848],[10.563,35.849],[10.589,35.868],[10.573,35.901],[10.592,35.914]]]]}},{"type":"Feature","properties":{"id":"TN523","del_fr":"Beni Khadech","del_ar":"\u0628\u0646\u064a \u062e\u062f\u0627\u0634","gouv_id":"TN52","gouv_fr":"Mednine","gouv_ar":"\u0645\u062f\u0646\u064a\u0646"},"geometry":{"type":"MultiPolygon","coordinates":[[[[9.802,33.292],[10.024,33.309],[10.106,33.372],[10.145,33.422],[10.231,33.435],[10.231,33.435],[10.27,33.353],[10.325,33.349],[10.384,33.294],[10.441,33.251],[10.435,33.244],[10.348,33.177],[10.338,33.173],[10.271,33.152],[10.177,33.096],[10.113,33.1],[10.092,33.082],[9.977,33.069],[9.899,33.048],[9.885,33.073],[9.911,33.088],[9.925,33.209],[9.823,33.221],[9.723,33.3],[9.802,33.292]]]]}},{"type":"Feature","properties":{"id":"TN313","del_fr":"Sousse Jawhara","del_ar":"\u0633\u0648\u0633\u0629 \u062c\u0648\u0647\u0631\u0629","gouv_id":"TN31","gouv_fr":"Sousse","gouv_ar":"\u0633\u0648\u0633\u0629"},"geometry":{"type":"MultiPolygon","coordinates":[[[[10.58,35.842],[10.603,35.86],[10.603,35.86],[10.631,35.84],[10.636,35.826],[10.617,35.808],[10.597,35.821],[10.591,35.828],[10.581,35.841],[10.58,35.842]]]]}},{"type":"Feature","properties":{"id":"TN312","del_fr":"Sousse Riadh","del_ar":"\u0633\u0648\u0633\u0629 \u0627\u0644\u0631\u064a\u0627\u0636","gouv_id":"TN31","gouv_fr":"Sousse","gouv_ar":"\u0633\u0648\u0633\u0629"},"geometry":{"type":"MultiPolygon","coordinates":[[[[10.551,35.793],[10.58,35.81],[10.591,35.828],[10.597,35.821],[10.617,35.808],[10.605,35.798],[10.579,35.792],[10.577,35.792],[10.551,35.793]]]]}},{"type":"Feature","properties":{"id":"TN311","del_fr":"Sousse Medina","del_ar":"\u0633\u0648\u0633\u0629 \u0627\u0644\u0645\u062f\u064a\u0646\u0629","gouv_id":"TN31","gouv_fr":"Sousse","gouv_ar":"\u0633\u0648\u0633\u0629"},"geometry":{"type":"MultiPolygon","coordinates":[[[[10.603,35.86],[10.62,35.872],[10.646,35.835],[10.636,35.826],[10.631,35.84],[10.603,35.86],[10.603,35.86]]]]}},{"type":"Feature","properties":{"id":"TN146","del_fr":"Jedeida","del_ar":"\u0627\u0644\u062c\u062f\u064a\u062f\u0629","gouv_id":"TN14","gouv_fr":"Mannouba","gouv_ar":"\u0645\u0646\u0648\u0628\u0629"},"geometry":{"type":"MultiPolygon","coordinates":[[[[10.006,36.887],[9.966,36.839],[10.001,36.789],[10.002,36.787],[9.993,36.78],[9.975,36.797],[9.919,36.792],[9.917,36.76],[9.889,36.763],[9.889,36.764],[9.885,36.77],[9.87,36.807],[9.895,36.829],[9.896,36.837],[9.862,36.869],[9.884,36.915],[9.875,36.925],[9.858,36.934],[9.847,36.963],[9.847,36.963],[9.863,36.957],[9.93,36.951],[9.947,36.915],[9.997,36.923],[10.013,36.912],[10.006,36.887]]]]}},{"type":"Feature","properties":{"id":"TN411","del_fr":"Kairaouan Nord","del_ar":"\u0627\u0644\u0642\u064a\u0631\u0648\u0627\u0646 \u0627\u0644\u0634\u0645\u0627\u0644\u064a\u0629","gouv_id":"TN41","gouv_fr":"Kairouan","gouv_ar":"\u0627\u0644\u0642\u064a\u0631\u0648\u0627\u0646"},"geometry":{"type":"MultiPolygon","coordinates":[[[[9.967,35.763],[10.025,35.806],[10.104,35.798],[10.147,35.78],[10.156,35.807],[10.156,35.807],[10.18,35.785],[10.245,35.698],[10.251,35.688],[10.251,35.688],[10.205,35.688],[10.194,35.709],[10.135,35.697],[10.133,35.679],[10.089,35.671],[10.024,35.68],[10.027,35.688],[9.98,35.717],[9.967,35.763]]]]}},{"type":"Feature","properties":{"id":"TN412","del_fr":"Kairouan Sud","del_ar":"\u0627\u0644\u0642\u064a\u0631\u0648\u0627\u0646 \u0627\u0644\u062c\u0646\u0648\u0628\u064a\u0629","gouv_id":"TN41","gouv_fr":"Kairouan","gouv_ar":"\u0627\u0644\u0642\u064a\u0631\u0648\u0627\u0646"},"geometry":{"type":"MultiPolygon","coordinates":[[[[10.251,35.688],[10.287,35.626],[10.311,35.591],[10.216,35.562],[10.261,35.498],[10.226,35.474],[10.193,35.484],[10.175,35.565],[10.148,35.547],[10.139,35.515],[10.023,35.493],[9.961,35.456],[9.899,35.454],[9.898,35.463],[9.925,35.51],[9.991,35.545],[10.039,35.544],[10.061,35.584],[10.035,35.602],[10.048,35.612],[10.035,35.63],[9.996,35.616],[9.983,35.649],[10.018,35.666],[10.024,35.68],[10.089,35.671],[10.133,35.679],[10.135,35.697],[10.194,35.709],[10.205,35.688],[10.251,35.688],[10.251,35.688]]]]}},{"type":"Feature","properties":{"id":"TN413","del_fr":"Echbika","del_ar":"\u0627\u0644\u0634\u0628\u064a\u0643\u0629","gouv_id":"TN41","gouv_fr":"Kairouan","gouv_ar":"\u0627\u0644\u0642\u064a\u0631\u0648\u0627\u0646"},"geometry":{"type":"MultiPolygon","coordinates":[[[[9.849,35.732],[9.854,35.789],[9.872,35.82],[9.872,35.819],[9.923,35.823],[9.984,35.776],[9.967,35.763],[9.98,35.717],[10.027,35.688],[10.024,35.68],[10.018,35.666],[9.983,35.649],[9.996,35.616],[10.035,35.63],[10.048,35.612],[10.035,35.602],[10.061,35.584],[10.039,35.544],[9.991,35.545],[9.925,35.51],[9.92,35.502],[9.859,35.506],[9.825,35.494],[9.762,35.557],[9.828,35.598],[9.826,35.634],[9.859,35.669],[9.849,35.732]]]]}},{"type":"Feature","properties":{"id":"TN414","del_fr":"Sebikha","del_ar":"\u0627\u0644\u0633\u0628\u064a\u062e\u0629","gouv_id":"TN41","gouv_fr":"Kairouan","gouv_ar":"\u0627\u0644\u0642\u064a\u0631\u0648\u0627\u0646"},"geometry":{"type":"MultiPolygon","coordinates":[[[[10.147,35.78],[10.104,35.798],[10.025,35.806],[9.984,35.776],[9.923,35.823],[9.872,35.819],[9.872,35.82],[9.837,35.845],[9.783,35.87],[9.774,35.892],[9.818,35.922],[9.826,36.017],[9.822,36.043],[9.851,36.075],[9.893,36.073],[9.916,36.041],[9.987,36.042],[10.03,36.001],[10.071,36.038],[10.056,36.101],[10.067,36.102],[10.091,36.073],[10.137,36.095],[10.124,36.111],[10.139,36.134],[10.139,36.134],[10.149,36.13],[10.192,36.131],[10.192,36.131],[10.197,36.119],[10.223,36.056],[10.279,36.022],[10.261,36.022],[10.242,35.922],[10.175,35.869],[10.156,35.807],[10.147,35.78]]]]}},{"type":"Feature","properties":{"id":"TN415","del_fr":"El  Oueslatia","del_ar":"\u0627\u0644\u0648\u0633\u0644\u0627\u062a\u064a\u0629","gouv_id":"TN41","gouv_fr":"Kairouan","gouv_ar":"\u0627\u0644\u0642\u064a\u0631\u0648\u0627\u0646"},"geometry":{"type":"MultiPolygon","coordinates":[[[[9.854,35.789],[9.85,35.74],[9.79,35.732],[9.693,35.711],[9.645,35.749],[9.654,35.787],[9.624,35.789],[9.572,35.687],[9.546,35.739],[9.537,35.736],[9.527,35.759],[9.498,35.773],[9.505,35.816],[9.543,35.832],[9.532,35.861],[9.482,35.874],[9.495,35.904],[9.727,36.06],[9.745,36.104],[9.745,36.104],[9.82,36.106],[9.839,36.063],[9.822,36.043],[9.826,36.017],[9.818,35.922],[9.774,35.892],[9.783,35.87],[9.837,35.845],[9.872,35.82],[9.854,35.789]]]]}},{"type":"Feature","properties":{"id":"TN416","del_fr":"Haffouz","del_ar":"\u062d\u0641\u0648\u0632","gouv_id":"TN41","gouv_fr":"Kairouan","gouv_ar":"\u0627\u0644\u0642\u064a\u0631\u0648\u0627\u0646"},"geometry":{"type":"MultiPolygon","coordinates":[[[[9.548,35.641],[9.624,35.789],[9.654,35.787],[9.645,35.749],[9.693,35.711],[9.79,35.732],[9.85,35.74],[9.849,35.732],[9.859,35.669],[9.826,35.634],[9.828,35.598],[9.762,35.557],[9.825,35.494],[9.735,35.463],[9.632,35.51],[9.615,35.469],[9.593,35.467],[9.584,35.516],[9.584,35.517],[9.613,35.572],[9.642,35.606],[9.647,35.635],[9.548,35.641]]]]}},{"type":"Feature","properties":{"id":"TN417","del_fr":"El Al\u00e2a","del_ar":"\u0627\u0644\u0639\u0644\u0627\u0621","gouv_id":"TN41","gouv_fr":"Kairouan","gouv_ar":"\u0627\u0644\u0642\u064a\u0631\u0648\u0627\u0646"},"geometry":{"type":"MultiPolygon","coordinates":[[[[9.39,35.579],[9.294,35.658],[9.255,35.699],[9.298,35.724],[9.39,35.691],[9.426,35.706],[9.546,35.739],[9.572,35.687],[9.548,35.641],[9.647,35.635],[9.642,35.606],[9.613,35.572],[9.584,35.517],[9.584,35.516],[9.565,35.519],[9.541,35.578],[9.467,35.602],[9.434,35.592],[9.39,35.579]]]]}},{"type":"Feature","properties":{"id":"TN418","del_fr":"Hajeb El Ayoun","del_ar":"\u062d\u0627\u062c\u0628 \u0627\u0644\u0639\u064a\u0648\u0646","gouv_id":"TN41","gouv_fr":"Kairouan","gouv_ar":"\u0627\u0644\u0642\u064a\u0631\u0648\u0627\u0646"},"geometry":{"type":"MultiPolygon","coordinates":[[[[9.434,35.592],[9.467,35.602],[9.541,35.578],[9.565,35.519],[9.584,35.516],[9.593,35.467],[9.615,35.469],[9.632,35.51],[9.735,35.463],[9.71,35.454],[9.687,35.343],[9.699,35.25],[9.698,35.241],[9.66,35.239],[9.599,35.275],[9.575,35.265],[9.533,35.333],[9.474,35.355],[9.465,35.369],[9.503,35.399],[9.494,35.44],[9.466,35.485],[9.452,35.486],[9.434,35.592],[9.434,35.592]]]]}},{"type":"Feature","properties":{"id":"TN419","del_fr":"Nasrallah","del_ar":"\u0646\u0635\u0631\u0627\u0644\u0644\u0647","gouv_id":"TN41","gouv_fr":"Kairouan","gouv_ar":"\u0627\u0644\u0642\u064a\u0631\u0648\u0627\u0646"},"geometry":{"type":"MultiPolygon","coordinates":[[[[9.697,35.187],[9.694,35.203],[9.699,35.25],[9.687,35.343],[9.71,35.454],[9.859,35.506],[9.92,35.502],[9.898,35.463],[9.902,35.42],[9.94,35.33],[9.94,35.302],[9.935,35.291],[9.961,35.255],[9.951,35.194],[9.959,35.186],[9.959,35.186],[9.881,35.166],[9.697,35.187]]]]}},{"type":"Feature","properties":{"id":"TN148","del_fr":"El Battane","del_ar":"\u0627\u0644\u0628\u0637\u0627\u0646","gouv_id":"TN14","gouv_fr":"Mannouba","gouv_ar":"\u0645\u0646\u0648\u0628\u0629"},"geometry":{"type":"MultiPolygon","coordinates":[[[[9.76,36.723],[9.731,36.73],[9.687,36.752],[9.618,36.769],[9.643,36.802],[9.689,36.784],[9.72,36.807],[9.792,36.814],[9.819,36.822],[9.867,36.813],[9.885,36.77],[9.889,36.764],[9.888,36.763],[9.844,36.745],[9.76,36.723]]]]}},{"type":"Feature","properties":{"id":"TN13B","del_fr":"Fouchana","del_ar":"\u0641\u0648\u0634\u0627\u0646\u0629","gouv_id":"TN13","gouv_fr":"Ben Arous","gouv_ar":"\u0628\u0646 \u0639\u0631\u0648\u0633"},"geometry":{"type":"MultiPolygon","coordinates":[[[[10.247,36.709],[10.223,36.669],[10.195,36.659],[10.155,36.701],[10.144,36.7],[10.143,36.716],[10.135,36.731],[10.134,36.736],[10.154,36.734],[10.171,36.725],[10.19,36.723],[10.201,36.696],[10.219,36.7],[10.247,36.709]]]]}}]}